sample_name,unmerged,read1_unmerged,read2_unmerged
ACCx-B6E6F014-A599-4A58-A7A5-1F748471D662-X013-S12-L071-B1-T2-PMRG,ACCx-B6E6F014-A599-4A58-A7A5-1F748471D662-X013-S12-L071-B1-T2-P025,ACCx-B6E6F014-A599-4A58-A7A5-1F748471D662-X013-S12-L071-B1-T2-P025-CTCTCTAC-GGCAACCT_S8_L005_R1_001.fastq.gz,ACCx-B6E6F014-A599-4A58-A7A5-1F748471D662-X013-S12-L071-B1-T2-P025-CTCTCTAC-GGCAACCT_S8_L005_R2_001.fastq.gz
ACCx-B6E6F014-A599-4A58-A7A5-1F748471D662-X013-S12-L071-B1-T2-PMRG,ACCx-B6E6F014-A599-4A58-A7A5-1F748471D662-X013-S12-L071-B1-T2-P044,ACCx-B6E6F014-A599-4A58-A7A5-1F748471D662-X013-S12-L071-B1-T2-P044-CTCTCTAC-GGCAACCT_S1_L005_R1_001.fastq.gz,ACCx-B6E6F014-A599-4A58-A7A5-1F748471D662-X013-S12-L071-B1-T2-P044-CTCTCTAC-GGCAACCT_S1_L005_R2_001.fastq.gz
BRCA-1FF8A889-24D2-4439-8BB4-C9AB39B7EE23-X005-S12-L029-B1-T2-PMRG,BRCA-1FF8A889-24D2-4439-8BB4-C9AB39B7EE23-X005-S12-L029-B1-T2-P059,BRCA-1FF8A889-24D2-4439-8BB4-C9AB39B7EE23-X005-S12-L029-B1-T2-P059-GGACTCCT-ATCATGTT_S8_L005_R1_001.fastq.gz,BRCA-1FF8A889-24D2-4439-8BB4-C9AB39B7EE23-X005-S12-L029-B1-T2-P059-GGACTCCT-ATCATGTT_S8_L005_R2_001.fastq.gz
BRCA-1FF8A889-24D2-4439-8BB4-C9AB39B7EE23-X005-S12-L029-B1-T2-PMRG,BRCA-1FF8A889-24D2-4439-8BB4-C9AB39B7EE23-X005-S12-L029-B1-T2-P108,BRCA-1FF8A889-24D2-4439-8BB4-C9AB39B7EE23-X005-S12-L029-B1-T2-P108-GGACTCCT-ATCATGTT_S1_L008_R1_001.fastq.gz,BRCA-1FF8A889-24D2-4439-8BB4-C9AB39B7EE23-X005-S12-L029-B1-T2-P108-GGACTCCT-ATCATGTT_S1_L008_R2_001.fastq.gz
BRCA-257C1DDD-D646-4F59-BCEE-1403A58BBD80-X023-S06-L084-B1-T2-PMRG,BRCA-257C1DDD-D646-4F59-BCEE-1403A58BBD80-X023-S06-L084-B1-T2-P057,BRCA-257C1DDD-D646-4F59-BCEE-1403A58BBD80-X023-S06-L084-B1-T2-P057-TTGACCCT-AGAGGATA_S4_L005_R1_001.fastq.gz,BRCA-257C1DDD-D646-4F59-BCEE-1403A58BBD80-X023-S06-L084-B1-T2-P057-TTGACCCT-AGAGGATA_S4_L005_R2_001.fastq.gz
BRCA-257C1DDD-D646-4F59-BCEE-1403A58BBD80-X023-S06-L084-B1-T2-PMRG,BRCA-257C1DDD-D646-4F59-BCEE-1403A58BBD80-X023-S06-L084-B1-T2-P107,BRCA-257C1DDD-D646-4F59-BCEE-1403A58BBD80-X023-S06-L084-B1-T2-P107-TTGACCCT-AGAGGATA_S1_L007_R1_001.fastq.gz,BRCA-257C1DDD-D646-4F59-BCEE-1403A58BBD80-X023-S06-L084-B1-T2-P107-TTGACCCT-AGAGGATA_S1_L007_R2_001.fastq.gz
BRCA-64BD3CE0-7385-461B-9870-AD6611DD886A-X014-S01-L001-B1-T1-PMRG,BRCA-64BD3CE0-7385-461B-9870-AD6611DD886A-X014-S01-L001-B1-T1-P034,BRCA-64BD3CE0-7385-461B-9870-AD6611DD886A-X014-S01-L001-B1-T1-P034-GCTACGCT-GGCAACCT_S1_L001_R1_001.fastq.gz,BRCA-64BD3CE0-7385-461B-9870-AD6611DD886A-X014-S01-L001-B1-T1-P034-GCTACGCT-GGCAACCT_S1_L001_R2_001.fastq.gz
BRCA-64BD3CE0-7385-461B-9870-AD6611DD886A-X014-S01-L001-B1-T1-PMRG,BRCA-64BD3CE0-7385-461B-9870-AD6611DD886A-X014-S01-L001-B1-T1-P038,BRCA-64BD3CE0-7385-461B-9870-AD6611DD886A-X014-S01-L001-B1-T1-P038-GCTACGCT-GGCAACCT_S1_L007_R1_001.fastq.gz,BRCA-64BD3CE0-7385-461B-9870-AD6611DD886A-X014-S01-L001-B1-T1-P038-GCTACGCT-GGCAACCT_S1_L007_R2_001.fastq.gz
BRCA-6F22B7DA-85CA-4E9C-93A3-859878775DDB-X005-S06-L012-B1-T1-PMRG,BRCA-6F22B7DA-85CA-4E9C-93A3-859878775DDB-X005-S06-L012-B1-T1-P008,BRCA-6F22B7DA-85CA-4E9C-93A3-859878775DDB-X005-S06-L012-B1-T1-P008-GTAGAGGA-GATTTCCA_S1_L007_R1_001.fastq.gz,BRCA-6F22B7DA-85CA-4E9C-93A3-859878775DDB-X005-S06-L012-B1-T1-P008-GTAGAGGA-GATTTCCA_S1_L007_R2_001.fastq.gz
BRCA-6F22B7DA-85CA-4E9C-93A3-859878775DDB-X005-S06-L012-B1-T1-PMRG,BRCA-6F22B7DA-85CA-4E9C-93A3-859878775DDB-X005-S06-L012-B1-T1-P015,BRCA-6F22B7DA-85CA-4E9C-93A3-859878775DDB-X005-S06-L012-B1-T1-P015-GTAGAGGA-GATTTCCA_S4_L006_R1_001.fastq.gz,BRCA-6F22B7DA-85CA-4E9C-93A3-859878775DDB-X005-S06-L012-B1-T1-P015-GTAGAGGA-GATTTCCA_S4_L006_R2_001.fastq.gz
COAD-2EB7D36F-5616-460C-91C9-6D0AEA893D97-X001-S04-L008-B1-T2-PMRG,COAD-2EB7D36F-5616-460C-91C9-6D0AEA893D97-X001-S04-L008-B1-T2-P004,COAD-2EB7D36F-5616-460C-91C9-6D0AEA893D97-X001-S04-L008-B1-T2-P004-CAGAGAGG-AGTCCGAC_S8_L004_R1_001.fastq.gz,COAD-2EB7D36F-5616-460C-91C9-6D0AEA893D97-X001-S04-L008-B1-T2-P004-CAGAGAGG-AGTCCGAC_S8_L004_R2_001.fastq.gz
COAD-2EB7D36F-5616-460C-91C9-6D0AEA893D97-X001-S04-L008-B1-T2-PMRG,COAD-2EB7D36F-5616-460C-91C9-6D0AEA893D97-X001-S04-L008-B1-T2-P031,COAD-2EB7D36F-5616-460C-91C9-6D0AEA893D97-X001-S04-L008-B1-T2-P031-CAGAGAGG-AGTCCGAC_S1_L006_R1_001.fastq.gz,COAD-2EB7D36F-5616-460C-91C9-6D0AEA893D97-X001-S04-L008-B1-T2-P031-CAGAGAGG-AGTCCGAC_S1_L006_R2_001.fastq.gz
COAD-7E54C176-FB16-4492-9688-2BCD0F421E56-X004-S07-L053-B1-T1-PMRG,COAD-7E54C176-FB16-4492-9688-2BCD0F421E56-X004-S07-L053-B1-T1-P007,COAD-7E54C176-FB16-4492-9688-2BCD0F421E56-X004-S07-L053-B1-T1-P007-TAACAACA-TCCGTGCC_S2_L005_R1_001.fastq.gz,COAD-7E54C176-FB16-4492-9688-2BCD0F421E56-X004-S07-L053-B1-T1-P007-TAACAACA-TCCGTGCC_S2_L005_R2_001.fastq.gz
COAD-7E54C176-FB16-4492-9688-2BCD0F421E56-X004-S07-L053-B1-T1-PMRG,COAD-7E54C176-FB16-4492-9688-2BCD0F421E56-X004-S07-L053-B1-T1-P108,COAD-7E54C176-FB16-4492-9688-2BCD0F421E56-X004-S07-L053-B1-T1-P108-TAACAACA-TCCGTGCC_S2_L008_R1_001.fastq.gz,COAD-7E54C176-FB16-4492-9688-2BCD0F421E56-X004-S07-L053-B1-T1-P108-TAACAACA-TCCGTGCC_S2_L008_R2_001.fastq.gz
COAD-B5AE6F25-E2EA-412F-AC4C-E11EA47FC490-X007-S03-L060-B1-T1-PMRG,COAD-B5AE6F25-E2EA-412F-AC4C-E11EA47FC490-X007-S03-L060-B1-T1-P008,COAD-B5AE6F25-E2EA-412F-AC4C-E11EA47FC490-X007-S03-L060-B1-T1-P008-GTAGAGGA-TTTCATCA_S3_L007_R1_001.fastq.gz,COAD-B5AE6F25-E2EA-412F-AC4C-E11EA47FC490-X007-S03-L060-B1-T1-P008-GTAGAGGA-TTTCATCA_S3_L007_R2_001.fastq.gz
COAD-B5AE6F25-E2EA-412F-AC4C-E11EA47FC490-X007-S03-L060-B1-T1-PMRG,COAD-B5AE6F25-E2EA-412F-AC4C-E11EA47FC490-X007-S03-L060-B1-T1-P009,COAD-B5AE6F25-E2EA-412F-AC4C-E11EA47FC490-X007-S03-L060-B1-T1-P009-GTAGAGGA-TTTCATCA_S6_L008_R1_001.fastq.gz,COAD-B5AE6F25-E2EA-412F-AC4C-E11EA47FC490-X007-S03-L060-B1-T1-P009-GTAGAGGA-TTTCATCA_S6_L008_R2_001.fastq.gz
COAD-D0F82B03-939F-4445-AC8E-64C964402761-X007-S04-L062-B1-T1-PMRG,COAD-D0F82B03-939F-4445-AC8E-64C964402761-X007-S04-L062-B1-T1-P008,COAD-D0F82B03-939F-4445-AC8E-64C964402761-X007-S04-L062-B1-T1-P008-CCGTTTGT-TTTCATCA_S2_L007_R1_001.fastq.gz,COAD-D0F82B03-939F-4445-AC8E-64C964402761-X007-S04-L062-B1-T1-P008-CCGTTTGT-TTTCATCA_S2_L007_R2_001.fastq.gz
COAD-D0F82B03-939F-4445-AC8E-64C964402761-X007-S04-L062-B1-T1-PMRG,COAD-D0F82B03-939F-4445-AC8E-64C964402761-X007-S04-L062-B1-T1-P013,COAD-D0F82B03-939F-4445-AC8E-64C964402761-X007-S04-L062-B1-T1-P013-CCGTTTGT-TTTCATCA_S6_L004_R1_001.fastq.gz,COAD-D0F82B03-939F-4445-AC8E-64C964402761-X007-S04-L062-B1-T1-P013-CCGTTTGT-TTTCATCA_S6_L004_R2_001.fastq.gz
ESCA-3DB8158E-7924-4C46-91F3-BC9D279B82A6-X023-S11-L094-B1-T2-PMRG,ESCA-3DB8158E-7924-4C46-91F3-BC9D279B82A6-X023-S11-L094-B1-T2-P055,ESCA-3DB8158E-7924-4C46-91F3-BC9D279B82A6-X023-S11-L094-B1-T2-P055-TAGGCATG-TCTACTCT_S6_L003_R1_001.fastq.gz,ESCA-3DB8158E-7924-4C46-91F3-BC9D279B82A6-X023-S11-L094-B1-T2-P055-TAGGCATG-TCTACTCT_S6_L003_R2_001.fastq.gz
ESCA-3DB8158E-7924-4C46-91F3-BC9D279B82A6-X023-S11-L094-B1-T2-PMRG,ESCA-3DB8158E-7924-4C46-91F3-BC9D279B82A6-X023-S11-L094-B1-T2-P108,ESCA-3DB8158E-7924-4C46-91F3-BC9D279B82A6-X023-S11-L094-B1-T2-P108-TAGGCATG-TCTACTCT_S3_L008_R1_001.fastq.gz,ESCA-3DB8158E-7924-4C46-91F3-BC9D279B82A6-X023-S11-L094-B1-T2-P108-TAGGCATG-TCTACTCT_S3_L008_R2_001.fastq.gz
ESCA-663192A1-DAE9-463A-A3E4-C4E7EDBD5734-X006-S02-L033-B1-T2-PMRG,ESCA-663192A1-DAE9-463A-A3E4-C4E7EDBD5734-X006-S02-L033-B1-T2-P031,ESCA-663192A1-DAE9-463A-A3E4-C4E7EDBD5734-X006-S02-L033-B1-T2-P031-GCTACGCT-ATCATGTT_S2_L006_R1_001.fastq.gz,ESCA-663192A1-DAE9-463A-A3E4-C4E7EDBD5734-X006-S02-L033-B1-T2-P031-GCTACGCT-ATCATGTT_S2_L006_R2_001.fastq.gz
ESCA-663192A1-DAE9-463A-A3E4-C4E7EDBD5734-X006-S02-L033-B1-T2-PMRG,ESCA-663192A1-DAE9-463A-A3E4-C4E7EDBD5734-X006-S02-L033-B1-T2-P107,ESCA-663192A1-DAE9-463A-A3E4-C4E7EDBD5734-X006-S02-L033-B1-T2-P107-GCTACGCT-ATCATGTT_S3_L007_R1_001.fastq.gz,ESCA-663192A1-DAE9-463A-A3E4-C4E7EDBD5734-X006-S02-L033-B1-T2-P107-GCTACGCT-ATCATGTT_S3_L007_R2_001.fastq.gz
ESCA-81D32E9D-3A4E-466E-B7B3-4D0FD8822CB4-X005-S05-L009-B1-T2-PMRG,ESCA-81D32E9D-3A4E-466E-B7B3-4D0FD8822CB4-X005-S05-L009-B1-T2-P013,ESCA-81D32E9D-3A4E-466E-B7B3-4D0FD8822CB4-X005-S05-L009-B1-T2-P013-GCTACGCT-GATTTCCA_S2_L004_R1_001.fastq.gz,ESCA-81D32E9D-3A4E-466E-B7B3-4D0FD8822CB4-X005-S05-L009-B1-T2-P013-GCTACGCT-GATTTCCA_S2_L004_R2_001.fastq.gz
ESCA-81D32E9D-3A4E-466E-B7B3-4D0FD8822CB4-X005-S05-L009-B1-T2-PMRG,ESCA-81D32E9D-3A4E-466E-B7B3-4D0FD8822CB4-X005-S05-L009-B1-T2-P108,ESCA-81D32E9D-3A4E-466E-B7B3-4D0FD8822CB4-X005-S05-L009-B1-T2-P108-GCTACGCT-GATTTCCA_S4_L008_R1_001.fastq.gz,ESCA-81D32E9D-3A4E-466E-B7B3-4D0FD8822CB4-X005-S05-L009-B1-T2-P108-GCTACGCT-GATTTCCA_S4_L008_R2_001.fastq.gz
ESCA-8CD2B7FE-9FFB-4EA3-B17F-098AFE0CDA2A-X005-S10-L023-B1-T2-PMRG,ESCA-8CD2B7FE-9FFB-4EA3-B17F-098AFE0CDA2A-X005-S10-L023-B1-T2-P015,ESCA-8CD2B7FE-9FFB-4EA3-B17F-098AFE0CDA2A-X005-S10-L023-B1-T2-P015-AATTCGTT-GATTTCCA_S8_L006_R1_001.fastq.gz,ESCA-8CD2B7FE-9FFB-4EA3-B17F-098AFE0CDA2A-X005-S10-L023-B1-T2-P015-AATTCGTT-GATTTCCA_S8_L006_R2_001.fastq.gz
ESCA-8CD2B7FE-9FFB-4EA3-B17F-098AFE0CDA2A-X005-S10-L023-B1-T2-PMRG,ESCA-8CD2B7FE-9FFB-4EA3-B17F-098AFE0CDA2A-X005-S10-L023-B1-T2-P107,ESCA-8CD2B7FE-9FFB-4EA3-B17F-098AFE0CDA2A-X005-S10-L023-B1-T2-P107-AATTCGTT-GATTTCCA_S4_L007_R1_001.fastq.gz,ESCA-8CD2B7FE-9FFB-4EA3-B17F-098AFE0CDA2A-X005-S10-L023-B1-T2-P107-AATTCGTT-GATTTCCA_S4_L007_R2_001.fastq.gz
KIRC-97AE56C6-2AA5-4B27-977E-204C9A68FB9C-X013-S02-L052-B1-T2-PMRG,KIRC-97AE56C6-2AA5-4B27-977E-204C9A68FB9C-X013-S02-L052-B1-T2-P030,KIRC-97AE56C6-2AA5-4B27-977E-204C9A68FB9C-X013-S02-L052-B1-T2-P030-GTAGAGGA-TGCACGAA_S6_L005_R1_001.fastq.gz,KIRC-97AE56C6-2AA5-4B27-977E-204C9A68FB9C-X013-S02-L052-B1-T2-P030-GTAGAGGA-TGCACGAA_S6_L005_R2_001.fastq.gz
KIRC-97AE56C6-2AA5-4B27-977E-204C9A68FB9C-X013-S02-L052-B1-T2-PMRG,KIRC-97AE56C6-2AA5-4B27-977E-204C9A68FB9C-X013-S02-L052-B1-T2-P108,KIRC-97AE56C6-2AA5-4B27-977E-204C9A68FB9C-X013-S02-L052-B1-T2-P108-GTAGAGGA-TGCACGAA_S5_L008_R1_001.fastq.gz,KIRC-97AE56C6-2AA5-4B27-977E-204C9A68FB9C-X013-S02-L052-B1-T2-P108-GTAGAGGA-TGCACGAA_S5_L008_R2_001.fastq.gz
KIRP-5C0BAEF0-C8D9-44C6-B37D-642EE07EA762-X023-S10-L091-B1-T1-PMRG,KIRP-5C0BAEF0-C8D9-44C6-B37D-642EE07EA762-X023-S10-L091-B1-T1-P057,KIRP-5C0BAEF0-C8D9-44C6-B37D-642EE07EA762-X023-S10-L091-B1-T1-P057-AGGCAGAA-TCTACTCT_S6_L005_R1_001.fastq.gz,KIRP-5C0BAEF0-C8D9-44C6-B37D-642EE07EA762-X023-S10-L091-B1-T1-P057-AGGCAGAA-TCTACTCT_S6_L005_R2_001.fastq.gz
KIRP-5C0BAEF0-C8D9-44C6-B37D-642EE07EA762-X023-S10-L091-B1-T1-PMRG,KIRP-5C0BAEF0-C8D9-44C6-B37D-642EE07EA762-X023-S10-L091-B1-T1-P107,KIRP-5C0BAEF0-C8D9-44C6-B37D-642EE07EA762-X023-S10-L091-B1-T1-P107-AGGCAGAA-TCTACTCT_S5_L007_R1_001.fastq.gz,KIRP-5C0BAEF0-C8D9-44C6-B37D-642EE07EA762-X023-S10-L091-B1-T1-P107-AGGCAGAA-TCTACTCT_S5_L007_R2_001.fastq.gz
KIRP-8AF1A570-9364-41E5-A8A3-E4DD24FAEEA6-X017-S02-L004-B1-T2-PMRG,KIRP-8AF1A570-9364-41E5-A8A3-E4DD24FAEEA6-X017-S02-L004-B1-T2-P038,KIRP-8AF1A570-9364-41E5-A8A3-E4DD24FAEEA6-X017-S02-L004-B1-T2-P038-GTAGAGGA-ATTGAACC_S3_L007_R1_001.fastq.gz,KIRP-8AF1A570-9364-41E5-A8A3-E4DD24FAEEA6-X017-S02-L004-B1-T2-P038-GTAGAGGA-ATTGAACC_S3_L007_R2_001.fastq.gz
KIRP-8AF1A570-9364-41E5-A8A3-E4DD24FAEEA6-X017-S02-L004-B1-T2-PMRG,KIRP-8AF1A570-9364-41E5-A8A3-E4DD24FAEEA6-X017-S02-L004-B1-T2-P108,KIRP-8AF1A570-9364-41E5-A8A3-E4DD24FAEEA6-X017-S02-L004-B1-T2-P108-GTAGAGGA-ATTGAACC_S6_L008_R1_001.fastq.gz,KIRP-8AF1A570-9364-41E5-A8A3-E4DD24FAEEA6-X017-S02-L004-B1-T2-P108-GTAGAGGA-ATTGAACC_S6_L008_R2_001.fastq.gz
KIRP-A1F39D17-79BC-485B-80ED-5EBB531CA57C-X006-S12-L055-B1-T2-PMRG,KIRP-A1F39D17-79BC-485B-80ED-5EBB531CA57C-X006-S12-L055-B1-T2-P008,KIRP-A1F39D17-79BC-485B-80ED-5EBB531CA57C-X006-S12-L055-B1-T2-P008-CTCTCTAC-TTTCATCA_S4_L007_R1_001.fastq.gz,KIRP-A1F39D17-79BC-485B-80ED-5EBB531CA57C-X006-S12-L055-B1-T2-P008-CTCTCTAC-TTTCATCA_S4_L007_R2_001.fastq.gz
KIRP-A1F39D17-79BC-485B-80ED-5EBB531CA57C-X006-S12-L055-B1-T2-PMRG,KIRP-A1F39D17-79BC-485B-80ED-5EBB531CA57C-X006-S12-L055-B1-T2-P011,KIRP-A1F39D17-79BC-485B-80ED-5EBB531CA57C-X006-S12-L055-B1-T2-P011-CTCTCTAC-TTTCATCA_S5_L002_R1_001.fastq.gz,KIRP-A1F39D17-79BC-485B-80ED-5EBB531CA57C-X006-S12-L055-B1-T2-P011-CTCTCTAC-TTTCATCA_S5_L002_R2_001.fastq.gz
KIRP-E65C8B50-CC10-43D7-9739-6E8658F9D89B-X012-S01-L025-B1-T1-PMRG,KIRP-E65C8B50-CC10-43D7-9739-6E8658F9D89B-X012-S01-L025-B1-T1-P028,KIRP-E65C8B50-CC10-43D7-9739-6E8658F9D89B-X012-S01-L025-B1-T1-P028-GCTACGCT-TTGATGGA_S3_L002_R1_001.fastq.gz,KIRP-E65C8B50-CC10-43D7-9739-6E8658F9D89B-X012-S01-L025-B1-T1-P028-GCTACGCT-TTGATGGA_S3_L002_R2_001.fastq.gz
KIRP-E65C8B50-CC10-43D7-9739-6E8658F9D89B-X012-S01-L025-B1-T1-PMRG,KIRP-E65C8B50-CC10-43D7-9739-6E8658F9D89B-X012-S01-L025-B1-T1-P107,KIRP-E65C8B50-CC10-43D7-9739-6E8658F9D89B-X012-S01-L025-B1-T1-P107-GCTACGCT-TTGATGGA_S6_L007_R1_001.fastq.gz,KIRP-E65C8B50-CC10-43D7-9739-6E8658F9D89B-X012-S01-L025-B1-T1-P107-GCTACGCT-TTGATGGA_S6_L007_R2_001.fastq.gz
LGGx-A50A1CE2-549C-4BCF-8E04-F846B09BEA95-X006-S06-L040-B1-T1-PMRG,LGGx-A50A1CE2-549C-4BCF-8E04-F846B09BEA95-X006-S06-L040-B1-T1-P008,LGGx-A50A1CE2-549C-4BCF-8E04-F846B09BEA95-X006-S06-L040-B1-T1-P008-AGGTTGGG-ATCATGTT_S6_L007_R1_001.fastq.gz,LGGx-A50A1CE2-549C-4BCF-8E04-F846B09BEA95-X006-S06-L040-B1-T1-P008-AGGTTGGG-ATCATGTT_S6_L007_R2_001.fastq.gz
LGGx-A50A1CE2-549C-4BCF-8E04-F846B09BEA95-X006-S06-L040-B1-T1-PMRG,LGGx-A50A1CE2-549C-4BCF-8E04-F846B09BEA95-X006-S06-L040-B1-T1-P108,LGGx-A50A1CE2-549C-4BCF-8E04-F846B09BEA95-X006-S06-L040-B1-T1-P108-AGGTTGGG-ATCATGTT_S7_L008_R1_001.fastq.gz,LGGx-A50A1CE2-549C-4BCF-8E04-F846B09BEA95-X006-S06-L040-B1-T1-P108-AGGTTGGG-ATCATGTT_S7_L008_R2_001.fastq.gz
LUAD-698EE8D8-3251-42DC-BB3B-FC3C046EC728-X002-S03-L006-B1-T2-PMRG,LUAD-698EE8D8-3251-42DC-BB3B-FC3C046EC728-X002-S03-L006-B1-T2-P005,LUAD-698EE8D8-3251-42DC-BB3B-FC3C046EC728-X002-S03-L006-B1-T2-P005-GGTAAACC-CTTAATGC_S6_L005_R1_001.fastq.gz,LUAD-698EE8D8-3251-42DC-BB3B-FC3C046EC728-X002-S03-L006-B1-T2-P005-GGTAAACC-CTTAATGC_S6_L005_R2_001.fastq.gz
LUAD-698EE8D8-3251-42DC-BB3B-FC3C046EC728-X002-S03-L006-B1-T2-PMRG,LUAD-698EE8D8-3251-42DC-BB3B-FC3C046EC728-X002-S03-L006-B1-T2-P107,LUAD-698EE8D8-3251-42DC-BB3B-FC3C046EC728-X002-S03-L006-B1-T2-P107-GGTAAACC-CTTAATGC_S7_L007_R1_001.fastq.gz,LUAD-698EE8D8-3251-42DC-BB3B-FC3C046EC728-X002-S03-L006-B1-T2-P107-GGTAAACC-CTTAATGC_S7_L007_R2_001.fastq.gz
LUAD-8DD2E6E7-E560-47C9-8967-7F376B260524-X002-S02-L003-B1-T1-PMRG,LUAD-8DD2E6E7-E560-47C9-8967-7F376B260524-X002-S02-L003-B1-T1-P005,LUAD-8DD2E6E7-E560-47C9-8967-7F376B260524-X002-S02-L003-B1-T1-P005-ATGATGAT-CTTAATGC_S3_L005_R1_001.fastq.gz,LUAD-8DD2E6E7-E560-47C9-8967-7F376B260524-X002-S02-L003-B1-T1-P005-ATGATGAT-CTTAATGC_S3_L005_R2_001.fastq.gz
LUAD-8DD2E6E7-E560-47C9-8967-7F376B260524-X002-S02-L003-B1-T1-PMRG,LUAD-8DD2E6E7-E560-47C9-8967-7F376B260524-X002-S02-L003-B1-T1-P107,LUAD-8DD2E6E7-E560-47C9-8967-7F376B260524-X002-S02-L003-B1-T1-P107-ATGATGAT-CTTAATGC_S8_L007_R1_001.fastq.gz,LUAD-8DD2E6E7-E560-47C9-8967-7F376B260524-X002-S02-L003-B1-T1-P107-ATGATGAT-CTTAATGC_S8_L007_R2_001.fastq.gz
KIRC-0BCD21B9-CB40-447A-A948-1E81C1639D73-X004-S11-L060-B1-T1-PMRG,KIRC-0BCD21B9-CB40-447A-A948-1E81C1639D73-X004-S11-L060-B1-T1-P006,KIRC-0BCD21B9-CB40-447A-A948-1E81C1639D73-X004-S11-L060-B1-T1-P006-TCAGCTAT-TCCGTGCC_S7_L006_R1_001.fastq.gz,KIRC-0BCD21B9-CB40-447A-A948-1E81C1639D73-X004-S11-L060-B1-T1-P006-TCAGCTAT-TCCGTGCC_S7_L006_R2_001.fastq.gz
BLCA-6F874813-E05A-438A-A1CE-71B8A78C173E-X006-S09-L048-B1-T1-PMRG,BLCA-6F874813-E05A-438A-A1CE-71B8A78C173E-X006-S09-L048-B1-T1-P008,BLCA-6F874813-E05A-438A-A1CE-71B8A78C173E-X006-S09-L048-B1-T1-P008-GGCGTCGA-ATCATGTT_S7_L007_R1_001.fastq.gz,BLCA-6F874813-E05A-438A-A1CE-71B8A78C173E-X006-S09-L048-B1-T1-P008-GGCGTCGA-ATCATGTT_S7_L007_R2_001.fastq.gz
GBMx-CBA5FDBB-E848-4B2D-82D5-8A33D7A3D205-X005-S11-L025-B1-T2-PMRG,GBMx-CBA5FDBB-E848-4B2D-82D5-8A33D7A3D205-X005-S11-L025-B1-T2-P008,GBMx-CBA5FDBB-E848-4B2D-82D5-8A33D7A3D205-X005-S11-L025-B1-T2-P008-TAAGGCGA-ATCATGTT_S5_L007_R1_001.fastq.gz,GBMx-CBA5FDBB-E848-4B2D-82D5-8A33D7A3D205-X005-S11-L025-B1-T2-P008-TAAGGCGA-ATCATGTT_S5_L007_R2_001.fastq.gz
LUAD-79DEBC87-22F6-49D5-8EE7-C2A4B0559773-X003-S11-L039-B1-T1-PMRG,LUAD-79DEBC87-22F6-49D5-8EE7-C2A4B0559773-X003-S11-L039-B1-T1-P009,LUAD-79DEBC87-22F6-49D5-8EE7-C2A4B0559773-X003-S11-L039-B1-T1-P009-ATGATGAT-AACAATCA_S1_L008_R1_001.fastq.gz,LUAD-79DEBC87-22F6-49D5-8EE7-C2A4B0559773-X003-S11-L039-B1-T1-P009-ATGATGAT-AACAATCA_S1_L008_R2_001.fastq.gz
COAD-542202A7-3D76-40F4-89CC-8DA386DCF48B-X007-S12-L079-B1-T1-PMRG,COAD-542202A7-3D76-40F4-89CC-8DA386DCF48B-X007-S12-L079-B1-T1-P011,COAD-542202A7-3D76-40F4-89CC-8DA386DCF48B-X007-S12-L079-B1-T1-P011-CTCTCTAC-AGTCCGAC_S8_L002_R1_001.fastq.gz,COAD-542202A7-3D76-40F4-89CC-8DA386DCF48B-X007-S12-L079-B1-T1-P011-CTCTCTAC-AGTCCGAC_S8_L002_R2_001.fastq.gz
BRCA-6F22B7DA-85CA-4E9C-93A3-859878775DDB-X005-S06-L014-B1-T3-PMRG,BRCA-6F22B7DA-85CA-4E9C-93A3-859878775DDB-X005-S06-L014-B1-T3-P015,BRCA-6F22B7DA-85CA-4E9C-93A3-859878775DDB-X005-S06-L014-B1-T3-P015-CCGTTTGT-GATTTCCA_S5_L006_R1_001.fastq.gz,BRCA-6F22B7DA-85CA-4E9C-93A3-859878775DDB-X005-S06-L014-B1-T3-P015-CCGTTTGT-GATTTCCA_S5_L006_R2_001.fastq.gz
KIRP-737F435D-531F-4B20-ABB1-91E3E2027D4D-X010-S06-L059-B1-T1-PMRG,KIRP-737F435D-531F-4B20-ABB1-91E3E2027D4D-X010-S06-L059-B1-T1-P017,KIRP-737F435D-531F-4B20-ABB1-91E3E2027D4D-X010-S06-L059-B1-T1-P017-TGGTCACA-CTTGGTTA_S7_L002_R1_001.fastq.gz,KIRP-737F435D-531F-4B20-ABB1-91E3E2027D4D-X010-S06-L059-B1-T1-P017-TGGTCACA-CTTGGTTA_S7_L002_R2_001.fastq.gz
KIRP-737F435D-531F-4B20-ABB1-91E3E2027D4D-X010-S06-L060-B1-T2-PMRG,KIRP-737F435D-531F-4B20-ABB1-91E3E2027D4D-X010-S06-L060-B1-T2-P019,KIRP-737F435D-531F-4B20-ABB1-91E3E2027D4D-X010-S06-L060-B1-T2-P019-TTGACCCT-CTTGGTTA_S6_L004_R1_001.fastq.gz,KIRP-737F435D-531F-4B20-ABB1-91E3E2027D4D-X010-S06-L060-B1-T2-P019-TTGACCCT-CTTGGTTA_S6_L004_R2_001.fastq.gz
BRCA-86DA5538-752C-4F30-A411-0970F65BD115-X012-S07-L037-B1-T1-PMRG,BRCA-86DA5538-752C-4F30-A411-0970F65BD115-X012-S07-L037-B1-T1-P028,BRCA-86DA5538-752C-4F30-A411-0970F65BD115-X012-S07-L037-B1-T1-P028-CGCGGACA-TTGATGGA_S4_L002_R1_001.fastq.gz,BRCA-86DA5538-752C-4F30-A411-0970F65BD115-X012-S07-L037-B1-T1-P028-CGCGGACA-TTGATGGA_S4_L002_R2_001.fastq.gz
ACCx-B901534B-5E93-475A-91E7-B2DB7DFE98A5-X020-S02-L003-B1-T1-PMRG,ACCx-B901534B-5E93-475A-91E7-B2DB7DFE98A5-X020-S02-L003-B1-T1-P052,ACCx-B901534B-5E93-475A-91E7-B2DB7DFE98A5-X020-S02-L003-B1-T1-P052-AAGAGGCA-GCAGTCCG_S1_L005_R1_001.fastq.gz,ACCx-B901534B-5E93-475A-91E7-B2DB7DFE98A5-X020-S02-L003-B1-T1-P052-AAGAGGCA-GCAGTCCG_S1_L005_R2_001.fastq.gz
ACCx-B901534B-5E93-475A-91E7-B2DB7DFE98A5-X020-S02-L004-B1-T2-PMRG,ACCx-B901534B-5E93-475A-91E7-B2DB7DFE98A5-X020-S02-L004-B1-T2-P053,ACCx-B901534B-5E93-475A-91E7-B2DB7DFE98A5-X020-S02-L004-B1-T2-P053-GTAGAGGA-GCAGTCCG_S1_L006_R1_001.fastq.gz,ACCx-B901534B-5E93-475A-91E7-B2DB7DFE98A5-X020-S02-L004-B1-T2-P053-GTAGAGGA-GCAGTCCG_S1_L006_R2_001.fastq.gz
KIRP-5C0BAEF0-C8D9-44C6-B37D-642EE07EA762-X023-S10-L092-B1-T2-PMRG,KIRP-5C0BAEF0-C8D9-44C6-B37D-642EE07EA762-X023-S10-L092-B1-T2-P056,KIRP-5C0BAEF0-C8D9-44C6-B37D-642EE07EA762-X023-S10-L092-B1-T2-P056-TCCTGAGC-TCTACTCT_S6_L004_R1_001.fastq.gz,KIRP-5C0BAEF0-C8D9-44C6-B37D-642EE07EA762-X023-S10-L092-B1-T2-P056-TCCTGAGC-TCTACTCT_S6_L004_R2_001.fastq.gz
BRCA-EF17C882-9808-4676-9DFA-432D34290B33-X023-S15-L102-B1-T2-PMRG,BRCA-EF17C882-9808-4676-9DFA-432D34290B33-X023-S15-L102-B1-T2-P057,BRCA-EF17C882-9808-4676-9DFA-432D34290B33-X023-S15-L102-B1-T2-P057-CCGTTTGT-TCTACTCT_S8_L005_R1_001.fastq.gz,BRCA-EF17C882-9808-4676-9DFA-432D34290B33-X023-S15-L102-B1-T2-P057-CCGTTTGT-TCTACTCT_S8_L005_R2_001.fastq.gz
COAD-BA3E7A65-30AB-4ED9-BF52-ED8138164EB9-X007-S08-L070-B1-T2-PMRG,COAD-BA3E7A65-30AB-4ED9-BF52-ED8138164EB9-X007-S08-L070-B1-T2-P059,COAD-BA3E7A65-30AB-4ED9-BF52-ED8138164EB9-X007-S08-L070-B1-T2-P059-TTCCATAT-TTTCATCA_S1_L005_R1_001.fastq.gz,COAD-BA3E7A65-30AB-4ED9-BF52-ED8138164EB9-X007-S08-L070-B1-T2-P059-TTCCATAT-TTTCATCA_S1_L005_R2_001.fastq.gz
LIHC-9CFCE167-AE10-47E5-8E18-947E06323052-X026-S02-L053-B1-T1-PMRG,LIHC-9CFCE167-AE10-47E5-8E18-947E06323052-X026-S02-L053-B1-T1-P069,LIHC-9CFCE167-AE10-47E5-8E18-947E06323052-X026-S02-L053-B1-T1-P069-GGACTCCT-AGGCTTAG_S4_L007_R1_001.fastq.gz,LIHC-9CFCE167-AE10-47E5-8E18-947E06323052-X026-S02-L053-B1-T1-P069-GGACTCCT-AGGCTTAG_S4_L007_R2_001.fastq.gz
ACCx-025FE5F8-885E-433D-9018-7AE322A92285-X034-S09-L134-B1-T2-PMRG,ACCx-025FE5F8-885E-433D-9018-7AE322A92285-X034-S09-L134-B1-T2-P073,ACCx-025FE5F8-885E-433D-9018-7AE322A92285-X034-S09-L134-B1-T2-P073-CCGTTTGT-TTGATGGA_S8_L003_R1_001.fastq.gz,ACCx-025FE5F8-885E-433D-9018-7AE322A92285-X034-S09-L134-B1-T2-P073-CCGTTTGT-TTGATGGA_S8_L003_R2_001.fastq.gz
LIHC-7BA22083-6B58-4B21-B764-6D1619419AAF-X025-S06-L037-B1-T1-PMRG,LIHC-7BA22083-6B58-4B21-B764-6D1619419AAF-X025-S06-L037-B1-T1-P083,LIHC-7BA22083-6B58-4B21-B764-6D1619419AAF-X025-S06-L037-B1-T1-P083-TGGATCTG-TACTCCTT_S1_L001_R1_001.fastq.gz,LIHC-7BA22083-6B58-4B21-B764-6D1619419AAF-X025-S06-L037-B1-T1-P083-TGGATCTG-TACTCCTT_S1_L001_R2_001.fastq.gz
STAD-D8BEB0DD-C346-4C1D-8A5F-6E669453AE6D-X027-S09-L094-B1-T2-PMRG,STAD-D8BEB0DD-C346-4C1D-8A5F-6E669453AE6D-X027-S09-L094-B1-T2-P083,STAD-D8BEB0DD-C346-4C1D-8A5F-6E669453AE6D-X027-S09-L094-B1-T2-P083-TTCCATAT-GATTTCCA_S2_L001_R1_001.fastq.gz,STAD-D8BEB0DD-C346-4C1D-8A5F-6E669453AE6D-X027-S09-L094-B1-T2-P083-TTCCATAT-GATTTCCA_S2_L001_R2_001.fastq.gz
LIHC-A4C8EBCB-C1AD-43C3-96D3-17AC788E0C9E-X042-S04-L031-B1-T2-PMRG,LIHC-A4C8EBCB-C1AD-43C3-96D3-17AC788E0C9E-X042-S04-L031-B1-T2-P087,LIHC-A4C8EBCB-C1AD-43C3-96D3-17AC788E0C9E-X042-S04-L031-B1-T2-P087-CTCTCTAC-GGCAACCT_S1_L005_R1_001.fastq.gz,LIHC-A4C8EBCB-C1AD-43C3-96D3-17AC788E0C9E-X042-S04-L031-B1-T2-P087-CTCTCTAC-GGCAACCT_S1_L005_R2_001.fastq.gz
STAD-C23BE39C-3C24-4DB8-B26D-CE6629CF02EC-X042-S05-L032-B1-T1-PMRG,STAD-C23BE39C-3C24-4DB8-B26D-CE6629CF02EC-X042-S05-L032-B1-T1-P087,STAD-C23BE39C-3C24-4DB8-B26D-CE6629CF02EC-X042-S05-L032-B1-T1-P087-CAGAGAGG-GGCAACCT_S2_L005_R1_001.fastq.gz,STAD-C23BE39C-3C24-4DB8-B26D-CE6629CF02EC-X042-S05-L032-B1-T1-P087-CAGAGAGG-GGCAACCT_S2_L005_R2_001.fastq.gz
THCA-3E77F455-8BCF-4C61-9B4D-E56EC829241A-X042-S08-L039-B1-T2-PMRG,THCA-3E77F455-8BCF-4C61-9B4D-E56EC829241A-X042-S08-L039-B1-T2-P087,THCA-3E77F455-8BCF-4C61-9B4D-E56EC829241A-X042-S08-L039-B1-T2-P087-TGCTGGGT-GGCAACCT_S4_L005_R1_001.fastq.gz,THCA-3E77F455-8BCF-4C61-9B4D-E56EC829241A-X042-S08-L039-B1-T2-P087-TGCTGGGT-GGCAACCT_S4_L005_R2_001.fastq.gz
UCEC-6732BA4A-065A-4EF6-81E1-6DB5CAD70C97-X042-S09-L040-B1-T1-PMRG,UCEC-6732BA4A-065A-4EF6-81E1-6DB5CAD70C97-X042-S09-L040-B1-T1-P087,UCEC-6732BA4A-065A-4EF6-81E1-6DB5CAD70C97-X042-S09-L040-B1-T1-P087-AGGTTGGG-GGCAACCT_S5_L005_R1_001.fastq.gz,UCEC-6732BA4A-065A-4EF6-81E1-6DB5CAD70C97-X042-S09-L040-B1-T1-P087-AGGTTGGG-GGCAACCT_S5_L005_R2_001.fastq.gz
LIHC-31861258-F778-40B3-A2A4-E4E8F00794B2-X037-S08-L064-B1-T2-PMRG,LIHC-31861258-F778-40B3-A2A4-E4E8F00794B2-X037-S08-L064-B1-T2-P088,LIHC-31861258-F778-40B3-A2A4-E4E8F00794B2-X037-S08-L064-B1-T2-P088-AGGTTGGG-ATTGAACC_S4_L001_R1_001.fastq.gz,LIHC-31861258-F778-40B3-A2A4-E4E8F00794B2-X037-S08-L064-B1-T2-P088-AGGTTGGG-ATTGAACC_S4_L001_R2_001.fastq.gz
MESO-E63A7EB2-8F27-499E-B9BF-92A8400388D6-X039-S01-L097-B1-T1-PMRG,MESO-E63A7EB2-8F27-499E-B9BF-92A8400388D6-X039-S01-L097-B1-T1-P088,MESO-E63A7EB2-8F27-499E-B9BF-92A8400388D6-X039-S01-L097-B1-T1-P088-TAAGGCGA-TGGGAATC_S7_L001_R1_001.fastq.gz,MESO-E63A7EB2-8F27-499E-B9BF-92A8400388D6-X039-S01-L097-B1-T1-P088-TAAGGCGA-TGGGAATC_S7_L001_R2_001.fastq.gz
PCPG-7C5C19DE-54FA-4DE8-B87F-7694F5B50F41-X037-S03-L054-B1-T2-PMRG,PCPG-7C5C19DE-54FA-4DE8-B87F-7694F5B50F41-X037-S03-L054-B1-T2-P088,PCPG-7C5C19DE-54FA-4DE8-B87F-7694F5B50F41-X037-S03-L054-B1-T2-P088-TAGGCATG-ATTGAACC_S2_L001_R1_001.fastq.gz,PCPG-7C5C19DE-54FA-4DE8-B87F-7694F5B50F41-X037-S03-L054-B1-T2-P088-TAGGCATG-ATTGAACC_S2_L001_R2_001.fastq.gz
LIHC-31861258-F778-40B3-A2A4-E4E8F00794B2-X037-S08-L063-B1-T1-PMRG,LIHC-31861258-F778-40B3-A2A4-E4E8F00794B2-X037-S08-L063-B1-T1-P089,LIHC-31861258-F778-40B3-A2A4-E4E8F00794B2-X037-S08-L063-B1-T1-P089-TGCTGGGT-ATTGAACC_S5_L002_R1_001.fastq.gz,LIHC-31861258-F778-40B3-A2A4-E4E8F00794B2-X037-S08-L063-B1-T1-P089-TGCTGGGT-ATTGAACC_S5_L002_R2_001.fastq.gz
PCPG-7C5C19DE-54FA-4DE8-B87F-7694F5B50F41-X037-S03-L053-B1-T1-PMRG,PCPG-7C5C19DE-54FA-4DE8-B87F-7694F5B50F41-X037-S03-L053-B1-T1-P089,PCPG-7C5C19DE-54FA-4DE8-B87F-7694F5B50F41-X037-S03-L053-B1-T1-P089-GGACTCCT-ATTGAACC_S2_L002_R1_001.fastq.gz,PCPG-7C5C19DE-54FA-4DE8-B87F-7694F5B50F41-X037-S03-L053-B1-T1-P089-GGACTCCT-ATTGAACC_S2_L002_R2_001.fastq.gz
STAD-D1C43A87-4C70-4AE9-9023-880A46E79F21-X037-S09-L065-B1-T1-PMRG,STAD-D1C43A87-4C70-4AE9-9023-880A46E79F21-X037-S09-L065-B1-T1-P089,STAD-D1C43A87-4C70-4AE9-9023-880A46E79F21-X037-S09-L065-B1-T1-P089-GTGTGGTG-ATTGAACC_S6_L002_R1_001.fastq.gz,STAD-D1C43A87-4C70-4AE9-9023-880A46E79F21-X037-S09-L065-B1-T1-P089-GTGTGGTG-ATTGAACC_S6_L002_R2_001.fastq.gz
SKCM-F05B8E69-5AD9-4FCF-8980-1307F35BD173-X026-S09-L070-B1-T2-PMRG,SKCM-F05B8E69-5AD9-4FCF-8980-1307F35BD173-X026-S09-L070-B1-T2-P093,SKCM-F05B8E69-5AD9-4FCF-8980-1307F35BD173-X026-S09-L070-B1-T2-P093-TTCCATAT-AGGCTTAG_S1_L006_R1_001.fastq.gz,SKCM-F05B8E69-5AD9-4FCF-8980-1307F35BD173-X026-S09-L070-B1-T2-P093-TTCCATAT-AGGCTTAG_S1_L006_R2_001.fastq.gz
ACCx-FCE328BC-082C-4FC1-9F7E-500D07C78B9E-X035-S02-L004-B1-T2-PMRG,ACCx-FCE328BC-082C-4FC1-9F7E-500D07C78B9E-X035-S02-L004-B1-T2-P094,ACCx-FCE328BC-082C-4FC1-9F7E-500D07C78B9E-X035-S02-L004-B1-T2-P094-TCCTGAGC-ACATAAGG_S1_L007_R1_001.fastq.gz,ACCx-FCE328BC-082C-4FC1-9F7E-500D07C78B9E-X035-S02-L004-B1-T2-P094-TCCTGAGC-ACATAAGG_S1_L007_R2_001.fastq.gz
ACCx-FCE328BC-082C-4FC1-9F7E-500D07C78B9E-X035-S02-L003-B1-T1-PMRG,ACCx-FCE328BC-082C-4FC1-9F7E-500D07C78B9E-X035-S02-L003-B1-T1-P096,ACCx-FCE328BC-082C-4FC1-9F7E-500D07C78B9E-X035-S02-L003-B1-T1-P096-AGGCAGAA-ACATAAGG_S4_L008_R1_001.fastq.gz,ACCx-FCE328BC-082C-4FC1-9F7E-500D07C78B9E-X035-S02-L003-B1-T1-P096-AGGCAGAA-ACATAAGG_S4_L008_R2_001.fastq.gz
LIHC-9CFCE167-AE10-47E5-8E18-947E06323052-X026-S02-L054-B1-T2-PMRG,LIHC-9CFCE167-AE10-47E5-8E18-947E06323052-X026-S02-L054-B1-T2-P096,LIHC-9CFCE167-AE10-47E5-8E18-947E06323052-X026-S02-L054-B1-T2-P096-TAGGCATG-AGGCTTAG_S2_L008_R1_001.fastq.gz,LIHC-9CFCE167-AE10-47E5-8E18-947E06323052-X026-S02-L054-B1-T2-P096-TAGGCATG-AGGCTTAG_S2_L008_R2_001.fastq.gz
TGCT-0A0512E8-AD96-4154-AAA2-3BDD67A279E9-X035-S11-L021-B1-T1-PMRG,TGCT-0A0512E8-AD96-4154-AAA2-3BDD67A279E9-X035-S11-L021-B1-T1-P099,TGCT-0A0512E8-AD96-4154-AAA2-3BDD67A279E9-X035-S11-L021-B1-T1-P099-CGCGGACA-ACATAAGG_S3_L008_R1_001.fastq.gz,TGCT-0A0512E8-AD96-4154-AAA2-3BDD67A279E9-X035-S11-L021-B1-T1-P099-CGCGGACA-ACATAAGG_S3_L008_R2_001.fastq.gz
LUSC-8C8D4BD8-7F67-421F-BAB4-21D157B4F4AA-X032-S08-L085-B1-T2-PMRG,LUSC-8C8D4BD8-7F67-421F-BAB4-21D157B4F4AA-X032-S08-L085-B1-T2-P102,LUSC-8C8D4BD8-7F67-421F-BAB4-21D157B4F4AA-X032-S08-L085-B1-T2-P102-TGGATCTG-GCTAGAAA_S1_L003_R1_001.fastq.gz,LUSC-8C8D4BD8-7F67-421F-BAB4-21D157B4F4AA-X032-S08-L085-B1-T2-P102-TGGATCTG-GCTAGAAA_S1_L003_R2_001.fastq.gz
LUSC-F57C391B-F43A-4E31-B666-4C2329037C06-X039-S11-L117-B1-T1-PMRG,LUSC-F57C391B-F43A-4E31-B666-4C2329037C06-X039-S11-L117-B1-T1-P102,LUSC-F57C391B-F43A-4E31-B666-4C2329037C06-X039-S11-L117-B1-T1-P102-CGCGGACA-TGGGAATC_S3_L003_R1_001.fastq.gz,LUSC-F57C391B-F43A-4E31-B666-4C2329037C06-X039-S11-L117-B1-T1-P102-CGCGGACA-TGGGAATC_S3_L003_R2_001.fastq.gz
MESO-F3321D8C-8D46-4877-A9A9-6B4DDA86E2A0-X040-S12-L142-B1-T1-PMRG,MESO-F3321D8C-8D46-4877-A9A9-6B4DDA86E2A0-X040-S12-L142-B1-T1-P105,MESO-F3321D8C-8D46-4877-A9A9-6B4DDA86E2A0-X040-S12-L142-B1-T1-P105-TTCCATAT-GCAGTCCG_S3_L006_R1_001.fastq.gz,MESO-F3321D8C-8D46-4877-A9A9-6B4DDA86E2A0-X040-S12-L142-B1-T1-P105-TTCCATAT-GCAGTCCG_S3_L006_R2_001.fastq.gz
THCA-073FEB53-ADC5-4B5B-8D4B-9D6692AE996F-X032-S11-L090-B1-T1-PMRG,THCA-073FEB53-ADC5-4B5B-8D4B-9D6692AE996F-X032-S11-L090-B1-T1-P101,THCA-073FEB53-ADC5-4B5B-8D4B-9D6692AE996F-X032-S11-L090-B1-T1-P101-TGGGTTTC-GCTAGAAA_S1_L002_R1_001.fastq.gz,THCA-073FEB53-ADC5-4B5B-8D4B-9D6692AE996F-X032-S11-L090-B1-T1-P101-TGGGTTTC-GCTAGAAA_S1_L002_R2_001.fastq.gz
THCA-F8168297-C181-408B-8F2F-1F7AB849F1C5-X025-S10-L046-B1-T2-PMRG,THCA-F8168297-C181-408B-8F2F-1F7AB849F1C5-X025-S10-L046-B1-T2-P100,THCA-F8168297-C181-408B-8F2F-1F7AB849F1C5-X025-S10-L046-B1-T2-P100-TTCCATAT-TACTCCTT_S1_L001_R1_001.fastq.gz,THCA-F8168297-C181-408B-8F2F-1F7AB849F1C5-X025-S10-L046-B1-T2-P100-TTCCATAT-TACTCCTT_S1_L001_R2_001.fastq.gz
ACCx-B901534B-5E93-475A-91E7-B2DB7DFE98A5-X020-S02-L003-B1-T1-PMRG,ACCx-B901534B-5E93-475A-91E7-B2DB7DFE98A5-X020-S02-L003-B1-T1-P109,ACCx-B901534B-5E93-475A-91E7-B2DB7DFE98A5-X020-S02-L003-B1-T1-P109-AAGAGGCA-GCAGTCCG_S1_L001_R1_001.fastq.gz,ACCx-B901534B-5E93-475A-91E7-B2DB7DFE98A5-X020-S02-L003-B1-T1-P109-AAGAGGCA-GCAGTCCG_S1_L001_R2_001.fastq.gz
ACCx-B901534B-5E93-475A-91E7-B2DB7DFE98A5-X020-S02-L004-B1-T2-PMRG,ACCx-B901534B-5E93-475A-91E7-B2DB7DFE98A5-X020-S02-L004-B1-T2-P109,ACCx-B901534B-5E93-475A-91E7-B2DB7DFE98A5-X020-S02-L004-B1-T2-P109-GTAGAGGA-GCAGTCCG_S2_L001_R1_001.fastq.gz,ACCx-B901534B-5E93-475A-91E7-B2DB7DFE98A5-X020-S02-L004-B1-T2-P109-GTAGAGGA-GCAGTCCG_S2_L001_R2_001.fastq.gz
BLCA-6F874813-E05A-438A-A1CE-71B8A78C173E-X006-S09-L048-B1-T1-PMRG,BLCA-6F874813-E05A-438A-A1CE-71B8A78C173E-X006-S09-L048-B1-T1-P109,BLCA-6F874813-E05A-438A-A1CE-71B8A78C173E-X006-S09-L048-B1-T1-P109-GGCGTCGA-ATCATGTT_S3_L001_R1_001.fastq.gz,BLCA-6F874813-E05A-438A-A1CE-71B8A78C173E-X006-S09-L048-B1-T1-P109-GGCGTCGA-ATCATGTT_S3_L001_R2_001.fastq.gz
KIRC-0BCD21B9-CB40-447A-A948-1E81C1639D73-X004-S11-L060-B1-T1-PMRG,KIRC-0BCD21B9-CB40-447A-A948-1E81C1639D73-X004-S11-L060-B1-T1-P109,KIRC-0BCD21B9-CB40-447A-A948-1E81C1639D73-X004-S11-L060-B1-T1-P109-TCAGCTAT-TCCGTGCC_S4_L001_R1_001.fastq.gz,KIRC-0BCD21B9-CB40-447A-A948-1E81C1639D73-X004-S11-L060-B1-T1-P109-TCAGCTAT-TCCGTGCC_S4_L001_R2_001.fastq.gz
KIRP-737F435D-531F-4B20-ABB1-91E3E2027D4D-X010-S06-L060-B1-T2-PMRG,KIRP-737F435D-531F-4B20-ABB1-91E3E2027D4D-X010-S06-L060-B1-T2-P109,KIRP-737F435D-531F-4B20-ABB1-91E3E2027D4D-X010-S06-L060-B1-T2-P109-TTGACCCT-CTTGGTTA_S5_L001_R1_001.fastq.gz,KIRP-737F435D-531F-4B20-ABB1-91E3E2027D4D-X010-S06-L060-B1-T2-P109-TTGACCCT-CTTGGTTA_S5_L001_R2_001.fastq.gz
LUAD-79DEBC87-22F6-49D5-8EE7-C2A4B0559773-X003-S11-L039-B1-T1-PMRG,LUAD-79DEBC87-22F6-49D5-8EE7-C2A4B0559773-X003-S11-L039-B1-T1-P109,LUAD-79DEBC87-22F6-49D5-8EE7-C2A4B0559773-X003-S11-L039-B1-T1-P109-ATGATGAT-AACAATCA_S6_L001_R1_001.fastq.gz,LUAD-79DEBC87-22F6-49D5-8EE7-C2A4B0559773-X003-S11-L039-B1-T1-P109-ATGATGAT-AACAATCA_S6_L001_R2_001.fastq.gz
BRCA-6F22B7DA-85CA-4E9C-93A3-859878775DDB-X005-S06-L014-B1-T3-PMRG,BRCA-6F22B7DA-85CA-4E9C-93A3-859878775DDB-X005-S06-L014-B1-T3-P110,BRCA-6F22B7DA-85CA-4E9C-93A3-859878775DDB-X005-S06-L014-B1-T3-P110-CCGTTTGT-GATTTCCA_S1_L002_R1_001.fastq.gz,BRCA-6F22B7DA-85CA-4E9C-93A3-859878775DDB-X005-S06-L014-B1-T3-P110-CCGTTTGT-GATTTCCA_S1_L002_R2_001.fastq.gz
BRCA-EF17C882-9808-4676-9DFA-432D34290B33-X023-S15-L102-B1-T2-PMRG,BRCA-EF17C882-9808-4676-9DFA-432D34290B33-X023-S15-L102-B1-T2-P110,BRCA-EF17C882-9808-4676-9DFA-432D34290B33-X023-S15-L102-B1-T2-P110-CCGTTTGT-TCTACTCT_S2_L002_R1_001.fastq.gz,BRCA-EF17C882-9808-4676-9DFA-432D34290B33-X023-S15-L102-B1-T2-P110-CCGTTTGT-TCTACTCT_S2_L002_R2_001.fastq.gz
COAD-542202A7-3D76-40F4-89CC-8DA386DCF48B-X007-S12-L079-B1-T1-PMRG,COAD-542202A7-3D76-40F4-89CC-8DA386DCF48B-X007-S12-L079-B1-T1-P110,COAD-542202A7-3D76-40F4-89CC-8DA386DCF48B-X007-S12-L079-B1-T1-P110-CTCTCTAC-AGTCCGAC_S3_L002_R1_001.fastq.gz,COAD-542202A7-3D76-40F4-89CC-8DA386DCF48B-X007-S12-L079-B1-T1-P110-CTCTCTAC-AGTCCGAC_S3_L002_R2_001.fastq.gz
GBMx-CBA5FDBB-E848-4B2D-82D5-8A33D7A3D205-X005-S11-L025-B1-T2-PMRG,GBMx-CBA5FDBB-E848-4B2D-82D5-8A33D7A3D205-X005-S11-L025-B1-T2-P110,GBMx-CBA5FDBB-E848-4B2D-82D5-8A33D7A3D205-X005-S11-L025-B1-T2-P110-TAAGGCGA-ATCATGTT_S4_L002_R1_001.fastq.gz,GBMx-CBA5FDBB-E848-4B2D-82D5-8A33D7A3D205-X005-S11-L025-B1-T2-P110-TAAGGCGA-ATCATGTT_S4_L002_R2_001.fastq.gz
KIRP-5C0BAEF0-C8D9-44C6-B37D-642EE07EA762-X023-S10-L092-B1-T2-PMRG,KIRP-5C0BAEF0-C8D9-44C6-B37D-642EE07EA762-X023-S10-L092-B1-T2-P110,KIRP-5C0BAEF0-C8D9-44C6-B37D-642EE07EA762-X023-S10-L092-B1-T2-P110-TCCTGAGC-TCTACTCT_S5_L002_R1_001.fastq.gz,KIRP-5C0BAEF0-C8D9-44C6-B37D-642EE07EA762-X023-S10-L092-B1-T2-P110-TCCTGAGC-TCTACTCT_S5_L002_R2_001.fastq.gz
KIRP-737F435D-531F-4B20-ABB1-91E3E2027D4D-X010-S06-L059-B1-T1-PMRG,KIRP-737F435D-531F-4B20-ABB1-91E3E2027D4D-X010-S06-L059-B1-T1-P110,KIRP-737F435D-531F-4B20-ABB1-91E3E2027D4D-X010-S06-L059-B1-T1-P110-TGGTCACA-CTTGGTTA_S6_L002_R1_001.fastq.gz,KIRP-737F435D-531F-4B20-ABB1-91E3E2027D4D-X010-S06-L059-B1-T1-P110-TGGTCACA-CTTGGTTA_S6_L002_R2_001.fastq.gz
LIHC-31861258-F778-40B3-A2A4-E4E8F00794B2-X037-S08-L064-B1-T2-PMRG,LIHC-31861258-F778-40B3-A2A4-E4E8F00794B2-X037-S08-L064-B1-T2-P111,LIHC-31861258-F778-40B3-A2A4-E4E8F00794B2-X037-S08-L064-B1-T2-P111-AGGTTGGG-ATTGAACC_S1_L001_R1_001.fastq.gz,LIHC-31861258-F778-40B3-A2A4-E4E8F00794B2-X037-S08-L064-B1-T2-P111-AGGTTGGG-ATTGAACC_S1_L001_R2_001.fastq.gz
BRCA-86DA5538-752C-4F30-A411-0970F65BD115-X012-S07-L037-B1-T1-PMRG,BRCA-86DA5538-752C-4F30-A411-0970F65BD115-X012-S07-L037-B1-T1-P112,BRCA-86DA5538-752C-4F30-A411-0970F65BD115-X012-S07-L037-B1-T1-P112-CGCGGACA-TTGATGGA_S2_L002_R1_001.fastq.gz,BRCA-86DA5538-752C-4F30-A411-0970F65BD115-X012-S07-L037-B1-T1-P112-CGCGGACA-TTGATGGA_S2_L002_R2_001.fastq.gz
LIHC-7BA22083-6B58-4B21-B764-6D1619419AAF-X025-S06-L037-B1-T1-PMRG,LIHC-7BA22083-6B58-4B21-B764-6D1619419AAF-X025-S06-L037-B1-T1-P112,LIHC-7BA22083-6B58-4B21-B764-6D1619419AAF-X025-S06-L037-B1-T1-P112-TGGATCTG-TACTCCTT_S3_L002_R1_001.fastq.gz,LIHC-7BA22083-6B58-4B21-B764-6D1619419AAF-X025-S06-L037-B1-T1-P112-TGGATCTG-TACTCCTT_S3_L002_R2_001.fastq.gz
MESO-E63A7EB2-8F27-499E-B9BF-92A8400388D6-X039-S01-L097-B1-T1-PMRG,MESO-E63A7EB2-8F27-499E-B9BF-92A8400388D6-X039-S01-L097-B1-T1-P112,MESO-E63A7EB2-8F27-499E-B9BF-92A8400388D6-X039-S01-L097-B1-T1-P112-TAAGGCGA-TGGGAATC_S1_L002_R1_001.fastq.gz,MESO-E63A7EB2-8F27-499E-B9BF-92A8400388D6-X039-S01-L097-B1-T1-P112-TAAGGCGA-TGGGAATC_S1_L002_R2_001.fastq.gz
LIHC-31861258-F778-40B3-A2A4-E4E8F00794B2-X037-S08-L063-B1-T1-PMRG,LIHC-31861258-F778-40B3-A2A4-E4E8F00794B2-X037-S08-L063-B1-T1-P113,LIHC-31861258-F778-40B3-A2A4-E4E8F00794B2-X037-S08-L063-B1-T1-P113-TGCTGGGT-ATTGAACC_S2_L003_R1_001.fastq.gz,LIHC-31861258-F778-40B3-A2A4-E4E8F00794B2-X037-S08-L063-B1-T1-P113-TGCTGGGT-ATTGAACC_S2_L003_R2_001.fastq.gz
THCA-3E77F455-8BCF-4C61-9B4D-E56EC829241A-X042-S08-L039-B1-T2-PMRG,THCA-3E77F455-8BCF-4C61-9B4D-E56EC829241A-X042-S08-L039-B1-T2-P113,THCA-3E77F455-8BCF-4C61-9B4D-E56EC829241A-X042-S08-L039-B1-T2-P113-TGCTGGGT-GGCAACCT_S1_L003_R1_001.fastq.gz,THCA-3E77F455-8BCF-4C61-9B4D-E56EC829241A-X042-S08-L039-B1-T2-P113-TGCTGGGT-GGCAACCT_S1_L003_R2_001.fastq.gz
LIHC-A4C8EBCB-C1AD-43C3-96D3-17AC788E0C9E-X042-S04-L031-B1-T2-PMRG,LIHC-A4C8EBCB-C1AD-43C3-96D3-17AC788E0C9E-X042-S04-L031-B1-T2-P114,LIHC-A4C8EBCB-C1AD-43C3-96D3-17AC788E0C9E-X042-S04-L031-B1-T2-P114-CTCTCTAC-GGCAACCT_S2_L004_R1_001.fastq.gz,LIHC-A4C8EBCB-C1AD-43C3-96D3-17AC788E0C9E-X042-S04-L031-B1-T2-P114-CTCTCTAC-GGCAACCT_S2_L004_R2_001.fastq.gz
PCPG-7C5C19DE-54FA-4DE8-B87F-7694F5B50F41-X037-S03-L053-B1-T1-PMRG,PCPG-7C5C19DE-54FA-4DE8-B87F-7694F5B50F41-X037-S03-L053-B1-T1-P114,PCPG-7C5C19DE-54FA-4DE8-B87F-7694F5B50F41-X037-S03-L053-B1-T1-P114-GGACTCCT-ATTGAACC_S6_L004_R1_001.fastq.gz,PCPG-7C5C19DE-54FA-4DE8-B87F-7694F5B50F41-X037-S03-L053-B1-T1-P114-GGACTCCT-ATTGAACC_S6_L004_R2_001.fastq.gz
PCPG-7C5C19DE-54FA-4DE8-B87F-7694F5B50F41-X037-S03-L054-B1-T2-PMRG,PCPG-7C5C19DE-54FA-4DE8-B87F-7694F5B50F41-X037-S03-L054-B1-T2-P114,PCPG-7C5C19DE-54FA-4DE8-B87F-7694F5B50F41-X037-S03-L054-B1-T2-P114-TAGGCATG-ATTGAACC_S3_L004_R1_001.fastq.gz,PCPG-7C5C19DE-54FA-4DE8-B87F-7694F5B50F41-X037-S03-L054-B1-T2-P114-TAGGCATG-ATTGAACC_S3_L004_R2_001.fastq.gz
SKCM-F05B8E69-5AD9-4FCF-8980-1307F35BD173-X026-S09-L070-B1-T2-PMRG,SKCM-F05B8E69-5AD9-4FCF-8980-1307F35BD173-X026-S09-L070-B1-T2-P114,SKCM-F05B8E69-5AD9-4FCF-8980-1307F35BD173-X026-S09-L070-B1-T2-P114-TTCCATAT-AGGCTTAG_S4_L004_R1_001.fastq.gz,SKCM-F05B8E69-5AD9-4FCF-8980-1307F35BD173-X026-S09-L070-B1-T2-P114-TTCCATAT-AGGCTTAG_S4_L004_R2_001.fastq.gz
STAD-C23BE39C-3C24-4DB8-B26D-CE6629CF02EC-X042-S05-L032-B1-T1-PMRG,STAD-C23BE39C-3C24-4DB8-B26D-CE6629CF02EC-X042-S05-L032-B1-T1-P114,STAD-C23BE39C-3C24-4DB8-B26D-CE6629CF02EC-X042-S05-L032-B1-T1-P114-CAGAGAGG-GGCAACCT_S8_L004_R1_001.fastq.gz,STAD-C23BE39C-3C24-4DB8-B26D-CE6629CF02EC-X042-S05-L032-B1-T1-P114-CAGAGAGG-GGCAACCT_S8_L004_R2_001.fastq.gz
STAD-D1C43A87-4C70-4AE9-9023-880A46E79F21-X037-S09-L065-B1-T1-PMRG,STAD-D1C43A87-4C70-4AE9-9023-880A46E79F21-X037-S09-L065-B1-T1-P114,STAD-D1C43A87-4C70-4AE9-9023-880A46E79F21-X037-S09-L065-B1-T1-P114-GTGTGGTG-ATTGAACC_S1_L004_R1_001.fastq.gz,STAD-D1C43A87-4C70-4AE9-9023-880A46E79F21-X037-S09-L065-B1-T1-P114-GTGTGGTG-ATTGAACC_S1_L004_R2_001.fastq.gz
TGCT-0A0512E8-AD96-4154-AAA2-3BDD67A279E9-X035-S11-L021-B1-T1-PMRG,TGCT-0A0512E8-AD96-4154-AAA2-3BDD67A279E9-X035-S11-L021-B1-T1-P114,TGCT-0A0512E8-AD96-4154-AAA2-3BDD67A279E9-X035-S11-L021-B1-T1-P114-CGCGGACA-ACATAAGG_S5_L004_R1_001.fastq.gz,TGCT-0A0512E8-AD96-4154-AAA2-3BDD67A279E9-X035-S11-L021-B1-T1-P114-CGCGGACA-ACATAAGG_S5_L004_R2_001.fastq.gz
UCEC-6732BA4A-065A-4EF6-81E1-6DB5CAD70C97-X042-S09-L040-B1-T1-PMRG,UCEC-6732BA4A-065A-4EF6-81E1-6DB5CAD70C97-X042-S09-L040-B1-T1-P114,UCEC-6732BA4A-065A-4EF6-81E1-6DB5CAD70C97-X042-S09-L040-B1-T1-P114-AGGTTGGG-GGCAACCT_S7_L004_R1_001.fastq.gz,UCEC-6732BA4A-065A-4EF6-81E1-6DB5CAD70C97-X042-S09-L040-B1-T1-P114-AGGTTGGG-GGCAACCT_S7_L004_R2_001.fastq.gz
ACCx-FCE328BC-082C-4FC1-9F7E-500D07C78B9E-X035-S02-L004-B1-T2-PMRG,ACCx-FCE328BC-082C-4FC1-9F7E-500D07C78B9E-X035-S02-L004-B1-T2-P115,ACCx-FCE328BC-082C-4FC1-9F7E-500D07C78B9E-X035-S02-L004-B1-T2-P115-TCCTGAGC-ACATAAGG_S2_L005_R1_001.fastq.gz,ACCx-FCE328BC-082C-4FC1-9F7E-500D07C78B9E-X035-S02-L004-B1-T2-P115-TCCTGAGC-ACATAAGG_S2_L005_R2_001.fastq.gz
LIHC-9CFCE167-AE10-47E5-8E18-947E06323052-X026-S02-L053-B1-T1-PMRG,LIHC-9CFCE167-AE10-47E5-8E18-947E06323052-X026-S02-L053-B1-T1-P115,LIHC-9CFCE167-AE10-47E5-8E18-947E06323052-X026-S02-L053-B1-T1-P115-GGACTCCT-AGGCTTAG_S1_L005_R1_001.fastq.gz,LIHC-9CFCE167-AE10-47E5-8E18-947E06323052-X026-S02-L053-B1-T1-P115-GGACTCCT-AGGCTTAG_S1_L005_R2_001.fastq.gz
LIHC-9CFCE167-AE10-47E5-8E18-947E06323052-X026-S02-L054-B1-T2-PMRG,LIHC-9CFCE167-AE10-47E5-8E18-947E06323052-X026-S02-L054-B1-T2-P115,LIHC-9CFCE167-AE10-47E5-8E18-947E06323052-X026-S02-L054-B1-T2-P115-TAGGCATG-AGGCTTAG_S3_L005_R1_001.fastq.gz,LIHC-9CFCE167-AE10-47E5-8E18-947E06323052-X026-S02-L054-B1-T2-P115-TAGGCATG-AGGCTTAG_S3_L005_R2_001.fastq.gz
STAD-D8BEB0DD-C346-4C1D-8A5F-6E669453AE6D-X027-S09-L094-B1-T2-PMRG,STAD-D8BEB0DD-C346-4C1D-8A5F-6E669453AE6D-X027-S09-L094-B1-T2-P115,STAD-D8BEB0DD-C346-4C1D-8A5F-6E669453AE6D-X027-S09-L094-B1-T2-P115-TTCCATAT-GATTTCCA_S4_L005_R1_001.fastq.gz,STAD-D8BEB0DD-C346-4C1D-8A5F-6E669453AE6D-X027-S09-L094-B1-T2-P115-TTCCATAT-GATTTCCA_S4_L005_R2_001.fastq.gz
ACCx-025FE5F8-885E-433D-9018-7AE322A92285-X034-S09-L134-B1-T2-PMRG,ACCx-025FE5F8-885E-433D-9018-7AE322A92285-X034-S09-L134-B1-T2-P116,ACCx-025FE5F8-885E-433D-9018-7AE322A92285-X034-S09-L134-B1-T2-P116-CCGTTTGT-TTGATGGA_S3_L006_R1_001.fastq.gz,ACCx-025FE5F8-885E-433D-9018-7AE322A92285-X034-S09-L134-B1-T2-P116-CCGTTTGT-TTGATGGA_S3_L006_R2_001.fastq.gz
ACCx-FCE328BC-082C-4FC1-9F7E-500D07C78B9E-X035-S02-L003-B1-T1-PMRG,ACCx-FCE328BC-082C-4FC1-9F7E-500D07C78B9E-X035-S02-L003-B1-T1-P116,ACCx-FCE328BC-082C-4FC1-9F7E-500D07C78B9E-X035-S02-L003-B1-T1-P116-AGGCAGAA-ACATAAGG_S1_L006_R1_001.fastq.gz,ACCx-FCE328BC-082C-4FC1-9F7E-500D07C78B9E-X035-S02-L003-B1-T1-P116-AGGCAGAA-ACATAAGG_S1_L006_R2_001.fastq.gz
COAD-BA3E7A65-30AB-4ED9-BF52-ED8138164EB9-X007-S08-L070-B1-T2-PMRG,COAD-BA3E7A65-30AB-4ED9-BF52-ED8138164EB9-X007-S08-L070-B1-T2-P116,COAD-BA3E7A65-30AB-4ED9-BF52-ED8138164EB9-X007-S08-L070-B1-T2-P116-TTCCATAT-TTTCATCA_S2_L006_R1_001.fastq.gz,COAD-BA3E7A65-30AB-4ED9-BF52-ED8138164EB9-X007-S08-L070-B1-T2-P116-TTCCATAT-TTTCATCA_S2_L006_R2_001.fastq.gz
LUSC-8C8D4BD8-7F67-421F-BAB4-21D157B4F4AA-X032-S08-L085-B1-T2-PMRG,LUSC-8C8D4BD8-7F67-421F-BAB4-21D157B4F4AA-X032-S08-L085-B1-T2-P117,LUSC-8C8D4BD8-7F67-421F-BAB4-21D157B4F4AA-X032-S08-L085-B1-T2-P117-TGGATCTG-GCTAGAAA_S3_L007_R1_001.fastq.gz,LUSC-8C8D4BD8-7F67-421F-BAB4-21D157B4F4AA-X032-S08-L085-B1-T2-P117-TGGATCTG-GCTAGAAA_S3_L007_R2_001.fastq.gz
LUSC-F57C391B-F43A-4E31-B666-4C2329037C06-X039-S11-L117-B1-T1-PMRG,LUSC-F57C391B-F43A-4E31-B666-4C2329037C06-X039-S11-L117-B1-T1-P117,LUSC-F57C391B-F43A-4E31-B666-4C2329037C06-X039-S11-L117-B1-T1-P117-CGCGGACA-TGGGAATC_S4_L007_R1_001.fastq.gz,LUSC-F57C391B-F43A-4E31-B666-4C2329037C06-X039-S11-L117-B1-T1-P117-CGCGGACA-TGGGAATC_S4_L007_R2_001.fastq.gz
MESO-F3321D8C-8D46-4877-A9A9-6B4DDA86E2A0-X040-S12-L142-B1-T1-PMRG,MESO-F3321D8C-8D46-4877-A9A9-6B4DDA86E2A0-X040-S12-L142-B1-T1-P117,MESO-F3321D8C-8D46-4877-A9A9-6B4DDA86E2A0-X040-S12-L142-B1-T1-P117-TTCCATAT-GCAGTCCG_S5_L007_R1_001.fastq.gz,MESO-F3321D8C-8D46-4877-A9A9-6B4DDA86E2A0-X040-S12-L142-B1-T1-P117-TTCCATAT-GCAGTCCG_S5_L007_R2_001.fastq.gz
THCA-073FEB53-ADC5-4B5B-8D4B-9D6692AE996F-X032-S11-L090-B1-T1-PMRG,THCA-073FEB53-ADC5-4B5B-8D4B-9D6692AE996F-X032-S11-L090-B1-T1-P117,THCA-073FEB53-ADC5-4B5B-8D4B-9D6692AE996F-X032-S11-L090-B1-T1-P117-TGGGTTTC-GCTAGAAA_S2_L007_R1_001.fastq.gz,THCA-073FEB53-ADC5-4B5B-8D4B-9D6692AE996F-X032-S11-L090-B1-T1-P117-TGGGTTTC-GCTAGAAA_S2_L007_R2_001.fastq.gz
THCA-F8168297-C181-408B-8F2F-1F7AB849F1C5-X025-S10-L046-B1-T2-PMRG,THCA-F8168297-C181-408B-8F2F-1F7AB849F1C5-X025-S10-L046-B1-T2-P117,THCA-F8168297-C181-408B-8F2F-1F7AB849F1C5-X025-S10-L046-B1-T2-P117-TTCCATAT-TACTCCTT_S1_L007_R1_001.fastq.gz,THCA-F8168297-C181-408B-8F2F-1F7AB849F1C5-X025-S10-L046-B1-T2-P117-TTCCATAT-TACTCCTT_S1_L007_R2_001.fastq.gz
ACCx-025FE5F8-885E-433D-9018-7AE322A92285-X034-S09-L133-B1-T1-PMRG,ACCx-025FE5F8-885E-433D-9018-7AE322A92285-X034-S09-L133-B1-T1-P077,ACCx-025FE5F8-885E-433D-9018-7AE322A92285-X034-S09-L133-B1-T1-P077-TGGATCTG-TTGATGGA_S8_L007_R1_001.fastq.gz,ACCx-025FE5F8-885E-433D-9018-7AE322A92285-X034-S09-L133-B1-T1-P077-TGGATCTG-TTGATGGA_S8_L007_R2_001.fastq.gz
BRCA-294C77E4-79D8-4383-8780-324F3DBB1839-X016-S02-L049-B1-T1-PMRG,BRCA-294C77E4-79D8-4383-8780-324F3DBB1839-X016-S02-L049-B1-T1-P032,BRCA-294C77E4-79D8-4383-8780-324F3DBB1839-X016-S02-L049-B1-T1-P032-GCTACGCT-CGTTGCTG_S3_L007_R1_001.fastq.gz,BRCA-294C77E4-79D8-4383-8780-324F3DBB1839-X016-S02-L049-B1-T1-P032-GCTACGCT-CGTTGCTG_S3_L007_R2_001.fastq.gz
BRCA-A3A3CD8F-3497-4615-B288-14E6290DC441-X007-S02-L058-B1-T1-PMRG,BRCA-A3A3CD8F-3497-4615-B288-14E6290DC441-X007-S02-L058-B1-T1-P012,BRCA-A3A3CD8F-3497-4615-B288-14E6290DC441-X007-S02-L058-B1-T1-P012-CGAGGCTG-TTTCATCA_S6_L003_R1_001.fastq.gz,BRCA-A3A3CD8F-3497-4615-B288-14E6290DC441-X007-S02-L058-B1-T1-P012-CGAGGCTG-TTTCATCA_S6_L003_R2_001.fastq.gz
COAD-64DC847B-9D5E-4484-B067-0B8B585B0DF8-X014-S07-L013-B1-T1-PMRG,COAD-64DC847B-9D5E-4484-B067-0B8B585B0DF8-X014-S07-L013-B1-T1-P063,COAD-64DC847B-9D5E-4484-B067-0B8B585B0DF8-X014-S07-L013-B1-T1-P063-CGCGGACA-GGCAACCT_S1_L001_R1_001.fastq.gz,COAD-64DC847B-9D5E-4484-B067-0B8B585B0DF8-X014-S07-L013-B1-T1-P063-CGCGGACA-GGCAACCT_S1_L001_R2_001.fastq.gz
COAD-E909BFFC-69FE-4F53-AB5E-5E99EEFDAE02-X012-S10-L043-B1-T1-PMRG,COAD-E909BFFC-69FE-4F53-AB5E-5E99EEFDAE02-X012-S10-L043-B1-T1-P023,COAD-E909BFFC-69FE-4F53-AB5E-5E99EEFDAE02-X012-S10-L043-B1-T1-P023-AGGCAGAA-TGCACGAA_S3_L007_R1_001.fastq.gz,COAD-E909BFFC-69FE-4F53-AB5E-5E99EEFDAE02-X012-S10-L043-B1-T1-P023-AGGCAGAA-TGCACGAA_S3_L007_R2_001.fastq.gz
LUAD-18545E4A-6285-4DB7-A52C-9E12075D6B89-X033-S04-L101-B1-T2-PMRG,LUAD-18545E4A-6285-4DB7-A52C-9E12075D6B89-X033-S04-L101-B1-T2-P080,LUAD-18545E4A-6285-4DB7-A52C-9E12075D6B89-X033-S04-L101-B1-T2-P080-GGACTCCT-CGATACAC_S6_L002_R1_001.fastq.gz,LUAD-18545E4A-6285-4DB7-A52C-9E12075D6B89-X033-S04-L101-B1-T2-P080-GGACTCCT-CGATACAC_S6_L002_R2_001.fastq.gz
LUAD-79DEBC87-22F6-49D5-8EE7-C2A4B0559773-X003-S11-L040-B1-T2-PMRG,LUAD-79DEBC87-22F6-49D5-8EE7-C2A4B0559773-X003-S11-L040-B1-T2-P008,LUAD-79DEBC87-22F6-49D5-8EE7-C2A4B0559773-X003-S11-L040-B1-T2-P008-CCAACACG-AACAATCA_S8_L007_R1_001.fastq.gz,LUAD-79DEBC87-22F6-49D5-8EE7-C2A4B0559773-X003-S11-L040-B1-T2-P008-CCAACACG-AACAATCA_S8_L007_R2_001.fastq.gz
ACCx-025FE5F8-885E-433D-9018-7AE322A92285-X034-S09-L133-B1-T1-PMRG,ACCx-025FE5F8-885E-433D-9018-7AE322A92285-X034-S09-L133-B1-T1-P119,ACCx-025FE5F8-885E-433D-9018-7AE322A92285-X034-S09-L133-B1-T1-P119-TGGATCTG-TTGATGGA_S5_L002_R1_001.fastq.gz,ACCx-025FE5F8-885E-433D-9018-7AE322A92285-X034-S09-L133-B1-T1-P119-TGGATCTG-TTGATGGA_S5_L002_R2_001.fastq.gz
BRCA-294C77E4-79D8-4383-8780-324F3DBB1839-X016-S02-L049-B1-T1-PMRG,BRCA-294C77E4-79D8-4383-8780-324F3DBB1839-X016-S02-L049-B1-T1-P119,BRCA-294C77E4-79D8-4383-8780-324F3DBB1839-X016-S02-L049-B1-T1-P119-GCTACGCT-CGTTGCTG_S3_L002_R1_001.fastq.gz,BRCA-294C77E4-79D8-4383-8780-324F3DBB1839-X016-S02-L049-B1-T1-P119-GCTACGCT-CGTTGCTG_S3_L002_R2_001.fastq.gz
BRCA-A3A3CD8F-3497-4615-B288-14E6290DC441-X007-S02-L058-B1-T1-PMRG,BRCA-A3A3CD8F-3497-4615-B288-14E6290DC441-X007-S02-L058-B1-T1-P119,BRCA-A3A3CD8F-3497-4615-B288-14E6290DC441-X007-S02-L058-B1-T1-P119-CGAGGCTG-TTTCATCA_S8_L002_R1_001.fastq.gz,BRCA-A3A3CD8F-3497-4615-B288-14E6290DC441-X007-S02-L058-B1-T1-P119-CGAGGCTG-TTTCATCA_S8_L002_R2_001.fastq.gz
COAD-64DC847B-9D5E-4484-B067-0B8B585B0DF8-X014-S07-L013-B1-T1-PMRG,COAD-64DC847B-9D5E-4484-B067-0B8B585B0DF8-X014-S07-L013-B1-T1-P119,COAD-64DC847B-9D5E-4484-B067-0B8B585B0DF8-X014-S07-L013-B1-T1-P119-CGCGGACA-GGCAACCT_S4_L002_R1_001.fastq.gz,COAD-64DC847B-9D5E-4484-B067-0B8B585B0DF8-X014-S07-L013-B1-T1-P119-CGCGGACA-GGCAACCT_S4_L002_R2_001.fastq.gz
COAD-E909BFFC-69FE-4F53-AB5E-5E99EEFDAE02-X012-S10-L043-B1-T1-PMRG,COAD-E909BFFC-69FE-4F53-AB5E-5E99EEFDAE02-X012-S10-L043-B1-T1-P119,COAD-E909BFFC-69FE-4F53-AB5E-5E99EEFDAE02-X012-S10-L043-B1-T1-P119-AGGCAGAA-TGCACGAA_S2_L002_R1_001.fastq.gz,COAD-E909BFFC-69FE-4F53-AB5E-5E99EEFDAE02-X012-S10-L043-B1-T1-P119-AGGCAGAA-TGCACGAA_S2_L002_R2_001.fastq.gz
LUAD-18545E4A-6285-4DB7-A52C-9E12075D6B89-X033-S04-L101-B1-T2-PMRG,LUAD-18545E4A-6285-4DB7-A52C-9E12075D6B89-X033-S04-L101-B1-T2-P119,LUAD-18545E4A-6285-4DB7-A52C-9E12075D6B89-X033-S04-L101-B1-T2-P119-GGACTCCT-CGATACAC_S6_L002_R1_001.fastq.gz,LUAD-18545E4A-6285-4DB7-A52C-9E12075D6B89-X033-S04-L101-B1-T2-P119-GGACTCCT-CGATACAC_S6_L002_R2_001.fastq.gz
LUAD-79DEBC87-22F6-49D5-8EE7-C2A4B0559773-X003-S11-L040-B1-T2-PMRG,LUAD-79DEBC87-22F6-49D5-8EE7-C2A4B0559773-X003-S11-L040-B1-T2-P119,LUAD-79DEBC87-22F6-49D5-8EE7-C2A4B0559773-X003-S11-L040-B1-T2-P119-CCAACACG-AACAATCA_S1_L002_R1_001.fastq.gz,LUAD-79DEBC87-22F6-49D5-8EE7-C2A4B0559773-X003-S11-L040-B1-T2-P119-CCAACACG-AACAATCA_S1_L002_R2_001.fastq.gz
KIRC-5786B3A8-42EB-47D3-A498-7FB1B3396376-X003-S10-L038-B1-T2-PMRG,KIRC-5786B3A8-42EB-47D3-A498-7FB1B3396376-X003-S10-L038-B1-T2-P011,KIRC-5786B3A8-42EB-47D3-A498-7FB1B3396376-X003-S10-L038-B1-T2-P011-GATCCAAA-AACAATCA_S1_L002_R1_001.fastq.gz,KIRC-5786B3A8-42EB-47D3-A498-7FB1B3396376-X003-S10-L038-B1-T2-P011-GATCCAAA-AACAATCA_S1_L002_R2_001.fastq.gz
KIRC-5786B3A8-42EB-47D3-A498-7FB1B3396376-X003-S10-L038-B1-T2-PMRG,KIRC-5786B3A8-42EB-47D3-A498-7FB1B3396376-X003-S10-L038-B1-T2-P120,KIRC-5786B3A8-42EB-47D3-A498-7FB1B3396376-X003-S10-L038-B1-T2-P120-GATCCAAA-AACAATCA_S1_L002_R1_001.fastq.gz,KIRC-5786B3A8-42EB-47D3-A498-7FB1B3396376-X003-S10-L038-B1-T2-P120-GATCCAAA-AACAATCA_S1_L002_R2_001.fastq.gz
TGCT-1577A485-E047-42CF-8703-42A69E1AED1A-X038-S09-L090-B1-T2-PMRG,TGCT-1577A485-E047-42CF-8703-42A69E1AED1A-X038-S09-L090-B1-T2-P088,TGCT-1577A485-E047-42CF-8703-42A69E1AED1A-X038-S09-L090-B1-T2-P088-TGGGTTTC-ACGAATGT_S6_L001_R1_001.fastq.gz,TGCT-1577A485-E047-42CF-8703-42A69E1AED1A-X038-S09-L090-B1-T2-P088-TGGGTTTC-ACGAATGT_S6_L001_R2_001.fastq.gz
TGCT-1577A485-E047-42CF-8703-42A69E1AED1A-X038-S09-L090-B1-T2-PMRG,TGCT-1577A485-E047-42CF-8703-42A69E1AED1A-X038-S09-L090-B1-T2-P120,TGCT-1577A485-E047-42CF-8703-42A69E1AED1A-X038-S09-L090-B1-T2-P120-TGGGTTTC-ACGAATGT_S2_L002_R1_001.fastq.gz,TGCT-1577A485-E047-42CF-8703-42A69E1AED1A-X038-S09-L090-B1-T2-P120-TGGGTTTC-ACGAATGT_S2_L002_R2_001.fastq.gz
