sample_name,library,organism,read1,read2,read_length,read_type
ACCx-2A5AE757-20D5-49B6-95FF-CAE08E8197A0-X012-S05-L033-B1-T1-P024,ATAC,human,read1,read2,75,paired
ACCx-2A5AE757-20D5-49B6-95FF-CAE08E8197A0-X012-S05-L034-B1-T2-P025,ATAC,human,read1,read2,75,paired
ACCx-3D0CD3BD-3960-46FB-92C3-777F11CCD0FC-X011-S06-L011-B1-T1-P024,ATAC,human,read1,read2,75,paired
ACCx-3D0CD3BD-3960-46FB-92C3-777F11CCD0FC-X011-S06-L012-B1-T2-P026,ATAC,human,read1,read2,75,paired
ACCx-4D0D43F5-D8F0-4735-92D5-F40E321C7A05-X010-S09-L065-B1-T1-P019,ATAC,human,read1,read2,75,paired
ACCx-4D0D43F5-D8F0-4735-92D5-F40E321C7A05-X010-S09-L066-B1-T2-P020,ATAC,human,read1,read2,75,paired
ACCx-81A262BD-3078-4BDB-8EB1-30DD6D7948C3-X027-S03-L081-B1-T1-P063,ATAC,human,read1,read2,75,paired
ACCx-81A262BD-3078-4BDB-8EB1-30DD6D7948C3-X027-S03-L082-B1-T2-P067,ATAC,human,read1,read2,75,paired
ACCx-B6E6F014-A599-4A58-A7A5-1F748471D662-X013-S12-L070-B1-T1-P026,ATAC,human,read1,read2,75,paired
ACCx-EDEB779F-A603-479D-AAFE-428BC7E4B8DB-X038-S03-L077-B1-T1-P094,ATAC,human,read1,read2,75,paired
ACCx-EDEB779F-A603-479D-AAFE-428BC7E4B8DB-X038-S03-L078-B1-T2-P089,ATAC,human,read1,read2,75,paired
BLCA-1067A79F-15D6-4D64-BBC3-268BE15434A1-X019-S01-L048-B1-T1-P041,ATAC,human,read1,read2,75,paired
BLCA-1067A79F-15D6-4D64-BBC3-268BE15434A1-X019-S01-L049-B1-T2-P039,ATAC,human,read1,read2,75,paired
BLCA-3E71B261-9C29-4025-973A-3901B0826643-X009-S04-L031-B1-T1-P021,ATAC,human,read1,read2,75,paired
BLCA-3E71B261-9C29-4025-973A-3901B0826643-X009-S04-L032-B1-T2-P029,ATAC,human,read1,read2,75,paired
BLCA-6728BCB4-B161-41DD-BF27-16000A1A9A94-X018-S09-L040-B1-T1-P041,ATAC,human,read1,read2,75,paired
BLCA-6728BCB4-B161-41DD-BF27-16000A1A9A94-X018-S09-L041-B1-T2-P039,ATAC,human,read1,read2,75,paired
BLCA-6E1FF9EA-8875-439E-AF5A-A7B7DDFB247C-X022-S12-L068-B1-T1-P051,ATAC,human,read1,read2,75,paired
BLCA-6E1FF9EA-8875-439E-AF5A-A7B7DDFB247C-X022-S12-L069-B1-T2-P047,ATAC,human,read1,read2,75,paired
BLCA-6F874813-E05A-438A-A1CE-71B8A78C173E-X006-S09-L049-B1-T2-P011,ATAC,human,read1,read2,75,paired
BLCA-761A45CF-D6D2-46EA-93EC-5238A95517B8-X013-S06-L059-B1-T1-P024,ATAC,human,read1,read2,75,paired
BLCA-761A45CF-D6D2-46EA-93EC-5238A95517B8-X013-S06-L060-B1-T2-P027,ATAC,human,read1,read2,75,paired
BLCA-795D3511-E7DB-456E-9D80-4EE5B50B66E1-X021-S08-L038-B1-T1-P054,ATAC,human,read1,read2,75,paired
BLCA-795D3511-E7DB-456E-9D80-4EE5B50B66E1-X021-S08-L039-B1-T2-P052,ATAC,human,read1,read2,75,paired
BLCA-C1820F13-D6CF-4BCF-A842-A01D6E6C61EB-X009-S10-L043-B1-T1-P017,ATAC,human,read1,read2,75,paired
BLCA-C1820F13-D6CF-4BCF-A842-A01D6E6C61EB-X009-S10-L044-B1-T2-P016,ATAC,human,read1,read2,75,paired
BLCA-CC57A8ED-A5DB-4ADA-A038-ABE5AA7A6A2B-X023-S04-L079-B1-T1-P056,ATAC,human,read1,read2,75,paired
BLCA-CC57A8ED-A5DB-4ADA-A038-ABE5AA7A6A2B-X023-S04-L080-B1-T2-P055,ATAC,human,read1,read2,75,paired
BLCA-CC5A9968-1F7F-4698-B483-1D426BF00AE3-X017-S12-L023-B1-T1-P042,ATAC,human,read1,read2,75,paired
BLCA-CC5A9968-1F7F-4698-B483-1D426BF00AE3-X017-S12-L024-B1-T2-P044,ATAC,human,read1,read2,75,paired
BRCA-000CFD9F-ADDF-4304-9E60-6041549E189C-X017-S06-L011-B1-T1-P040,ATAC,human,read1,read2,75,paired
BRCA-000CFD9F-ADDF-4304-9E60-6041549E189C-X017-S06-L012-B1-T2-P046,ATAC,human,read1,read2,75,paired
BRCA-01112370-4F6F-4A20-9BE0-7975C3465268-X017-S04-L007-B1-T1-P042,ATAC,human,read1,read2,75,paired
BRCA-01112370-4F6F-4A20-9BE0-7975C3465268-X017-S04-L008-B1-T2-P044,ATAC,human,read1,read2,75,paired
BRCA-0142AAAC-FFE8-43B7-AB99-02F7A1740567-X022-S06-L057-B1-T1-P050,ATAC,human,read1,read2,75,paired
BRCA-0142AAAC-FFE8-43B7-AB99-02F7A1740567-X022-S06-L058-B1-T2-P051,ATAC,human,read1,read2,75,paired
BRCA-037238B0-8FB6-4ECC-9970-93E84F9286EF-X005-S09-L020-B1-T1-P015,ATAC,human,read1,read2,75,paired
BRCA-037238B0-8FB6-4ECC-9970-93E84F9286EF-X005-S09-L021-B1-T2-P014,ATAC,human,read1,read2,75,paired
BRCA-08499A64-3FD8-4E62-AF08-3C66AF93CAE7-X003-S05-L027-B1-T1-P003,ATAC,human,read1,read2,75,paired
BRCA-08499A64-3FD8-4E62-AF08-3C66AF93CAE7-X003-S05-L028-B1-T2-P003,ATAC,human,read1,read2,75,paired
BRCA-08891EB8-2C41-400C-8A66-BEE040CCA71D-X011-S12-L023-B1-T1-P027,ATAC,human,read1,read2,75,paired
BRCA-08891EB8-2C41-400C-8A66-BEE040CCA71D-X011-S12-L024-B1-T2-P029,ATAC,human,read1,read2,75,paired
BRCA-11AAB1D2-D77B-42AA-AA32-786A597B9797-X003-S06-L029-B1-T1-P002,ATAC,human,read1,read2,75,paired
BRCA-11AAB1D2-D77B-42AA-AA32-786A597B9797-X003-S06-L030-B1-T2-P002,ATAC,human,read1,read2,75,paired
BRCA-11D015DD-1250-48BC-8B5D-3262C97F164B-X012-S08-L039-B1-T1-P029,ATAC,human,read1,read2,75,paired
BRCA-11D015DD-1250-48BC-8B5D-3262C97F164B-X012-S08-L040-B1-T2-P022,ATAC,human,read1,read2,75,paired
BRCA-1253F1AD-60FD-4536-97A8-E84B756E5E52-X004-S05-L051-B1-T1-P007,ATAC,human,read1,read2,75,paired
BRCA-14AD76EE-12F9-40B3-8DCD-4A256E02CF8D-X020-S12-L022-B1-T1-P053,ATAC,human,read1,read2,75,paired
BRCA-14AD76EE-12F9-40B3-8DCD-4A256E02CF8D-X020-S12-L023-B1-T2-P054,ATAC,human,read1,read2,75,paired
BRCA-1B6783CB-7D24-4D13-908A-19CCAD4CFF34-X002-S06-L011-B1-T1-P001,ATAC,human,read1,read2,75,paired
BRCA-1B6783CB-7D24-4D13-908A-19CCAD4CFF34-X002-S06-L012-B1-T2-P001,ATAC,human,read1,read2,75,paired
BRCA-1BD15E25-9CE5-49AB-ADCF-41F857F3468D-X021-S04-L030-B1-T1-P054,ATAC,human,read1,read2,75,paired
BRCA-1BD15E25-9CE5-49AB-ADCF-41F857F3468D-X021-S04-L031-B1-T2-P053,ATAC,human,read1,read2,75,paired
BRCA-1D939DC3-EF0C-40BF-BC60-8C5D46345265-X021-S01-L024-B1-T1-P051,ATAC,human,read1,read2,75,paired
BRCA-1D939DC3-EF0C-40BF-BC60-8C5D46345265-X021-S01-L025-B1-T2-P052,ATAC,human,read1,read2,75,paired
BRCA-1FF8A889-24D2-4439-8BB4-C9AB39B7EE23-X005-S12-L028-B1-T1-P011,ATAC,human,read1,read2,75,paired
BRCA-2106DD3A-1909-46E8-82BD-865333A12F8E-X013-S09-L065-B1-T1-P029,ATAC,human,read1,read2,75,paired
BRCA-257C1DDD-D646-4F59-BCEE-1403A58BBD80-X023-S06-L083-B1-T1-P056,ATAC,human,read1,read2,75,paired
BRCA-294C77E4-79D8-4383-8780-324F3DBB1839-X016-S02-L050-B1-T2-P035,ATAC,human,read1,read2,75,paired
BRCA-2A65DC63-F8CC-4EF4-AB23-3F5FD880FB5E-X018-S08-L038-B1-T1-P044,ATAC,human,read1,read2,75,paired
BRCA-2A65DC63-F8CC-4EF4-AB23-3F5FD880FB5E-X018-S08-L039-B1-T2-P043,ATAC,human,read1,read2,75,paired
BRCA-2C46607F-72A2-4B40-A311-E1F29C59DCFA-X010-S01-L049-B1-T1-P016,ATAC,human,read1,read2,75,paired
BRCA-2C46607F-72A2-4B40-A311-E1F29C59DCFA-X010-S01-L050-B1-T2-P019,ATAC,human,read1,read2,75,paired
BRCA-2D277FFC-F83F-4882-98D7-525388B79C3B-X023-S01-L073-B1-T1-P057,ATAC,human,read1,read2,75,paired
BRCA-2D277FFC-F83F-4882-98D7-525388B79C3B-X023-S01-L074-B1-T2-P056,ATAC,human,read1,read2,75,paired
BRCA-3403FB04-ED81-489B-991C-715B423B87DB-X014-S02-L003-B1-T1-P030,ATAC,human,read1,read2,75,paired
BRCA-3403FB04-ED81-489B-991C-715B423B87DB-X014-S02-L004-B1-T2-P037,ATAC,human,read1,read2,75,paired
BRCA-359C8EB0-48BC-47D5-AD78-38B0AE6C5FB8-X018-S05-L032-B1-T1-P042,ATAC,human,read1,read2,75,paired
BRCA-359C8EB0-48BC-47D5-AD78-38B0AE6C5FB8-X018-S05-L033-B1-T2-P043,ATAC,human,read1,read2,75,paired
BRCA-36EA9779-3126-45DE-8C5D-3E6B3680086C-X012-S06-L035-B1-T1-P022,ATAC,human,read1,read2,75,paired
BRCA-36EA9779-3126-45DE-8C5D-3E6B3680086C-X012-S06-L036-B1-T2-P025,ATAC,human,read1,read2,75,paired
BRCA-3899957C-47D6-4274-AB3C-C9E6DE56437F-X008-S09-L017-B1-T1-P029,ATAC,human,read1,read2,75,paired
BRCA-3899957C-47D6-4274-AB3C-C9E6DE56437F-X008-S09-L018-B1-T2-P021,ATAC,human,read1,read2,75,paired
BRCA-474D1E91-69F9-4779-B8CE-18F4946A0D9A-X021-S03-L028-B1-T1-P054,ATAC,human,read1,read2,75,paired
BRCA-474D1E91-69F9-4779-B8CE-18F4946A0D9A-X021-S03-L029-B1-T2-P054,ATAC,human,read1,read2,75,paired
BRCA-4DE199D4-0892-462C-BE6E-09413F7EF76E-X018-S03-L029-B1-T1-P045,ATAC,human,read1,read2,75,paired
BRCA-4F06A0BF-EB31-45EE-BB09-5601502D86FE-X021-S07-L036-B1-T1-P052,ATAC,human,read1,read2,75,paired
BRCA-4F06A0BF-EB31-45EE-BB09-5601502D86FE-X021-S07-L037-B1-T2-P051,ATAC,human,read1,read2,75,paired
BRCA-503860D0-4069-4F6F-91F2-FFB24C3EA1E5-X005-S08-L018-B1-T1-P014,ATAC,human,read1,read2,75,paired
BRCA-503860D0-4069-4F6F-91F2-FFB24C3EA1E5-X005-S08-L019-B1-T2-P015,ATAC,human,read1,read2,75,paired
BRCA-5C54B79C-DA02-4B22-9FC2-3D61BFFC5559-X019-S11-L068-B1-T1-P046,ATAC,human,read1,read2,75,paired
BRCA-5C54B79C-DA02-4B22-9FC2-3D61BFFC5559-X019-S11-L069-B1-T2-P046,ATAC,human,read1,read2,75,paired
BRCA-5C60C974-536D-4BD9-ADC5-606CA5E60C04-X020-S10-L019-B1-T1-P047,ATAC,human,read1,read2,75,paired
BRCA-6108FBB3-DFCE-4A67-A16D-0547827F058C-X008-S04-L007-B1-T1-P018,ATAC,human,read1,read2,75,paired
BRCA-6108FBB3-DFCE-4A67-A16D-0547827F058C-X008-S04-L008-B1-T2-P020,ATAC,human,read1,read2,75,paired
BRCA-64BD3CE0-7385-461B-9870-AD6611DD886A-X014-S01-L002-B1-T2-P037,ATAC,human,read1,read2,75,paired
BRCA-6D0DAA1B-2ACC-49CC-90C5-07FC4260432E-X011-S05-L009-B1-T1-P026,ATAC,human,read1,read2,75,paired
BRCA-6D0DAA1B-2ACC-49CC-90C5-07FC4260432E-X011-S05-L010-B1-T2-P025,ATAC,human,read1,read2,75,paired
BRCA-6F22B7DA-85CA-4E9C-93A3-859878775DDB-X005-S06-L015-B1-T4-P014,ATAC,human,read1,read2,75,paired
BRCA-73316C1E-DDE9-4C39-8AFD-5E8A1090C425-X006-S11-L052-B1-T1-P009,ATAC,human,read1,read2,75,paired
BRCA-73316C1E-DDE9-4C39-8AFD-5E8A1090C425-X006-S11-L053-B1-T2-P010,ATAC,human,read1,read2,75,paired
BRCA-74CCA3AC-8984-4207-AD8C-979E7596A5DC-X005-S02-L003-B1-T1-P014,ATAC,human,read1,read2,75,paired
BRCA-74CCA3AC-8984-4207-AD8C-979E7596A5DC-X005-S02-L004-B1-T2-P015,ATAC,human,read1,read2,75,paired
BRCA-78F79CE9-210D-47BF-B6AB-AA5327778FBE-X010-S03-L053-B1-T1-P021,ATAC,human,read1,read2,75,paired
BRCA-78F79CE9-210D-47BF-B6AB-AA5327778FBE-X010-S03-L054-B1-T2-P019,ATAC,human,read1,read2,75,paired
BRCA-7C6A3AE4-E2EA-42B3-B3F1-81C19E6F2170-X023-S05-L081-B1-T1-P057,ATAC,human,read1,read2,75,paired
BRCA-7C6A3AE4-E2EA-42B3-B3F1-81C19E6F2170-X023-S05-L082-B1-T2-P055,ATAC,human,read1,read2,75,paired
BRCA-7D3BBF34-47F6-41EE-B5BF-6571C18984A8-X020-S03-L005-B1-T1-P053,ATAC,human,read1,read2,75,paired
BRCA-7D3BBF34-47F6-41EE-B5BF-6571C18984A8-X020-S03-L006-B1-T2-P054,ATAC,human,read1,read2,75,paired
BRCA-852B450B-EBCC-4DD0-BB5A-FBF238C7BD89-X019-S02-L050-B1-T1-P041,ATAC,human,read1,read2,75,paired
BRCA-852B450B-EBCC-4DD0-BB5A-FBF238C7BD89-X019-S02-L051-B1-T2-P044,ATAC,human,read1,read2,75,paired
BRCA-85C6EA5B-FA06-416B-9D98-80339B9B03DC-X005-S04-L007-B1-T1-P015,ATAC,human,read1,read2,75,paired
BRCA-86DA5538-752C-4F30-A411-0970F65BD115-X012-S07-L038-B1-T2-P030,ATAC,human,read1,read2,75,paired
BRCA-873F57F9-5F1E-4B78-AE1A-65C9C6B487CE-X022-S07-L059-B1-T1-P050,ATAC,human,read1,read2,75,paired
BRCA-873F57F9-5F1E-4B78-AE1A-65C9C6B487CE-X022-S07-L060-B1-T2-P047,ATAC,human,read1,read2,75,paired
BRCA-8762FC8D-91FC-42B8-B74D-141298970EFC-X001-S03-L005-B1-T1-P004,ATAC,human,read1,read2,75,paired
BRCA-8762FC8D-91FC-42B8-B74D-141298970EFC-X001-S03-L006-B1-T2-P004,ATAC,human,read1,read2,75,paired
BRCA-8D1E6006-85CB-484A-8B5C-30766D90137B-X012-S03-L029-B1-T1-P024,ATAC,human,read1,read2,75,paired
BRCA-8D1E6006-85CB-484A-8B5C-30766D90137B-X012-S03-L030-B1-T2-P026,ATAC,human,read1,read2,75,paired
BRCA-8D51DE4E-9B6A-4C2D-BD11-5F66C2173002-X015-S06-L035-B1-T1-P035,ATAC,human,read1,read2,75,paired
BRCA-8D51DE4E-9B6A-4C2D-BD11-5F66C2173002-X015-S06-L036-B1-T2-P036,ATAC,human,read1,read2,75,paired
BRCA-8D66AC5D-CA8B-47FC-8C61-376A75AEB292-X019-S05-L056-B1-T1-P043,ATAC,human,read1,read2,75,paired
BRCA-8D66AC5D-CA8B-47FC-8C61-376A75AEB292-X019-S05-L057-B1-T2-P038,ATAC,human,read1,read2,75,paired
BRCA-8DB1A244-D21F-4A52-A70F-317C0CF8B4B7-X014-S11-L021-B1-T1-P033,ATAC,human,read1,read2,75,paired
BRCA-8DB1A244-D21F-4A52-A70F-317C0CF8B4B7-X014-S11-L022-B1-T2-P034,ATAC,human,read1,read2,75,paired
BRCA-94253529-096B-410E-88D2-80AA79361AD9-X015-S11-L044-B1-T1-P035,ATAC,human,read1,read2,75,paired
BRCA-94AF19F0-1F2A-41EC-8CB6-96C76227811F-X013-S03-L053-B1-T1-P022,ATAC,human,read1,read2,75,paired
BRCA-94AF19F0-1F2A-41EC-8CB6-96C76227811F-X013-S03-L054-B1-T2-P027,ATAC,human,read1,read2,75,paired
BRCA-A3A3CD8F-3497-4615-B288-14E6290DC441-X007-S02-L059-B1-T2-P010,ATAC,human,read1,read2,75,paired
BRCA-A6462625-3970-44A4-B4CB-7B4AE86648CD-X013-S04-L055-B1-T1-P023,ATAC,human,read1,read2,75,paired
BRCA-A6462625-3970-44A4-B4CB-7B4AE86648CD-X013-S04-L056-B1-T2-P025,ATAC,human,read1,read2,75,paired
BRCA-A8BD9D89-6D7F-4423-91A6-1627E36887F6-X022-S10-L065-B1-T1-P047,ATAC,human,read1,read2,75,paired
BRCA-A91AADEA-8299-46D9-A250-76896D690AFD-X016-S12-L069-B1-T1-P035,ATAC,human,read1,read2,75,paired
BRCA-A91AADEA-8299-46D9-A250-76896D690AFD-X016-S12-L070-B1-T2-P033,ATAC,human,read1,read2,75,paired
BRCA-BE061C50-495F-46AD-BF95-09C8AD8B5365-X022-S05-L056-B1-T1-P049,ATAC,human,read1,read2,75,paired
BRCA-BE0F871D-DFA0-4B91-A068-41A57C105E1B-X007-S05-L064-B1-T1-P013,ATAC,human,read1,read2,75,paired
BRCA-C147AAD5-A8F1-41D5-8709-21820BE50902-X016-S11-L067-B1-T1-P032,ATAC,human,read1,read2,75,paired
BRCA-C147AAD5-A8F1-41D5-8709-21820BE50902-X016-S11-L068-B1-T2-P033,ATAC,human,read1,read2,75,paired
BRCA-C9C8D426-A3FD-4455-89A9-768BC01D66A9-X009-S01-L025-B1-T1-P016,ATAC,human,read1,read2,75,paired
BRCA-C9C8D426-A3FD-4455-89A9-768BC01D66A9-X009-S01-L026-B1-T2-P021,ATAC,human,read1,read2,75,paired
BRCA-CA5AB738-9366-4908-B573-92C041E15471-X020-S05-L009-B1-T1-P052,ATAC,human,read1,read2,75,paired
BRCA-CA5AB738-9366-4908-B573-92C041E15471-X020-S05-L010-B1-T2-P050,ATAC,human,read1,read2,75,paired
BRCA-CB96A542-7AC1-4FEC-A5D2-458D8EEDC6C4-X013-S05-L057-B1-T1-P023,ATAC,human,read1,read2,75,paired
BRCA-CB96A542-7AC1-4FEC-A5D2-458D8EEDC6C4-X013-S05-L058-B1-T2-P024,ATAC,human,read1,read2,75,paired
BRCA-CC102C17-C1CA-427A-8C7D-D3E79748A0CD-X004-S04-L049-B1-T1-P006,ATAC,human,read1,read2,75,paired
BRCA-CC102C17-C1CA-427A-8C7D-D3E79748A0CD-X004-S04-L050-B1-T2-P006,ATAC,human,read1,read2,75,paired
BRCA-CE1F0208-85C0-40DD-8C03-1595C8A6612C-X007-S01-L056-B1-T1-P031,ATAC,human,read1,read2,75,paired
BRCA-CE1F0208-85C0-40DD-8C03-1595C8A6612C-X007-S01-L057-B1-T2-P009,ATAC,human,read1,read2,75,paired
BRCA-CF183B78-9738-4D5F-8A57-82B8C8DD63AF-X009-S09-L041-B1-T1-P020,ATAC,human,read1,read2,75,paired
BRCA-CF183B78-9738-4D5F-8A57-82B8C8DD63AF-X009-S09-L042-B1-T2-P018,ATAC,human,read1,read2,75,paired
BRCA-D6F24369-2AB6-4A49-B3A4-B3B61D5A13B4-X014-S06-L011-B1-T1-P037,ATAC,human,read1,read2,75,paired
BRCA-D6F24369-2AB6-4A49-B3A4-B3B61D5A13B4-X014-S06-L012-B1-T2-P066,ATAC,human,read1,read2,75,paired
BRCA-D88D85E7-B4D4-4ACB-9815-996EE6B3650D-X011-S03-L005-B1-T1-P028,ATAC,human,read1,read2,75,paired
BRCA-D88D85E7-B4D4-4ACB-9815-996EE6B3650D-X011-S03-L006-B1-T2-P029,ATAC,human,read1,read2,75,paired
BRCA-DA8D04F8-C74F-4D50-B0B6-BBD15047FE72-X008-S02-L003-B1-T1-P018,ATAC,human,read1,read2,75,paired
BRCA-DA8D04F8-C74F-4D50-B0B6-BBD15047FE72-X008-S02-L004-B1-T2-P020,ATAC,human,read1,read2,75,paired
BRCA-DD69EDE9-142D-46E2-AA06-58D07D3230FB-X016-S08-L061-B1-T1-P035,ATAC,human,read1,read2,75,paired
BRCA-DD69EDE9-142D-46E2-AA06-58D07D3230FB-X016-S08-L062-B1-T2-P034,ATAC,human,read1,read2,75,paired
BRCA-DFFD80D2-34AB-4EE6-A7D4-06B557634CC4-X010-S07-L061-B1-T1-P017,ATAC,human,read1,read2,75,paired
BRCA-DFFD80D2-34AB-4EE6-A7D4-06B557634CC4-X010-S07-L062-B1-T2-P016,ATAC,human,read1,read2,75,paired
BRCA-E2534288-EFAE-4EF6-98A0-0A931BC20FF1-X017-S07-L013-B1-T1-P039,ATAC,human,read1,read2,75,paired
BRCA-E2534288-EFAE-4EF6-98A0-0A931BC20FF1-X017-S07-L014-B1-T2-P040,ATAC,human,read1,read2,75,paired
BRCA-EC8621C3-0A39-478F-BE88-2F1D1A19DA2D-X023-S07-L085-B1-T1-P056,ATAC,human,read1,read2,75,paired
BRCA-EC8621C3-0A39-478F-BE88-2F1D1A19DA2D-X023-S07-L086-B1-T2-P055,ATAC,human,read1,read2,75,paired
BRCA-EF17C882-9808-4676-9DFA-432D34290B33-X023-S15-L101-B1-T1-P056,ATAC,human,read1,read2,75,paired
BRCA-FB055B59-7512-40E4-8547-39798A4C9B8C-X011-S09-L017-B1-T1-P024,ATAC,human,read1,read2,75,paired
BRCA-FB055B59-7512-40E4-8547-39798A4C9B8C-X011-S09-L018-B1-T2-P025,ATAC,human,read1,read2,75,paired
BRCA-FB1C995E-6C78-414A-B74C-8C77CD924348-X015-S09-L041-B1-T1-P033,ATAC,human,read1,read2,75,paired
BRCA-FB1C995E-6C78-414A-B74C-8C77CD924348-X015-S09-L042-B1-T2-P032,ATAC,human,read1,read2,75,paired
BRCA-FCD2477B-7E05-4EB7-BD63-302496AEA537-X017-S11-L021-B1-T1-P041,ATAC,human,read1,read2,75,paired
BRCA-FCD2477B-7E05-4EB7-BD63-302496AEA537-X017-S11-L022-B1-T2-P040,ATAC,human,read1,read2,75,paired
BRCA-FE43880C-3F93-4463-9C91-5A2DE7130718-X009-S11-L045-B1-T1-P016,ATAC,human,read1,read2,75,paired
BRCA-FE43880C-3F93-4463-9C91-5A2DE7130718-X009-S11-L046-B1-T2-P018,ATAC,human,read1,read2,75,paired
CESC-10041818-52A8-4856-ADEE-13E3FC97A737-X003-S09-L035-B1-T1-P002,ATAC,human,read1,read2,75,paired
CESC-10041818-52A8-4856-ADEE-13E3FC97A737-X003-S09-L036-B1-T2-P002,ATAC,human,read1,read2,75,paired
CESC-480D4965-DBC3-47D2-A352-E68A44F75232-X004-S10-L058-B1-T1-P006,ATAC,human,read1,read2,75,paired
CESC-480D4965-DBC3-47D2-A352-E68A44F75232-X004-S10-L059-B1-T2-P006,ATAC,human,read1,read2,75,paired
CESC-BA6FB645-26C4-436D-AF9D-653767310153-X004-S09-L057-B1-T1-P007,ATAC,human,read1,read2,75,paired
CESC-DADFADB7-86D6-4074-B19E-BB81F4D22A17-X004-S08-L055-B1-T1-P007,ATAC,human,read1,read2,75,paired
CESC-DADFADB7-86D6-4074-B19E-BB81F4D22A17-X004-S08-L056-B1-T2-P007,ATAC,human,read1,read2,75,paired
CHOL-1061FF2E-0ECA-4DE5-8D6D-E1A9B123B75F-X009-S05-L033-B1-T1-P021,ATAC,human,read1,read2,75,paired
CHOL-1061FF2E-0ECA-4DE5-8D6D-E1A9B123B75F-X009-S05-L034-B1-T2-P029,ATAC,human,read1,read2,75,paired
CHOL-2C9A8381-93B9-441F-B8DD-EFA6B50812FD-X016-S04-L053-B1-T1-P032,ATAC,human,read1,read2,75,paired
CHOL-2C9A8381-93B9-441F-B8DD-EFA6B50812FD-X016-S04-L054-B1-T2-P035,ATAC,human,read1,read2,75,paired
CHOL-39DCFAD0-1750-4418-9643-B5F2EAD9632A-X014-S08-L015-B1-T1-P046,ATAC,human,read1,read2,75,paired
CHOL-39DCFAD0-1750-4418-9643-B5F2EAD9632A-X014-S08-L016-B1-T2-P031,ATAC,human,read1,read2,75,paired
CHOL-500901B3-0753-4499-9A97-91CEF27C355E-X005-S03-L005-B1-T1-P013,ATAC,human,read1,read2,75,paired
CHOL-500901B3-0753-4499-9A97-91CEF27C355E-X005-S03-L006-B1-T2-P015,ATAC,human,read1,read2,75,paired
CHOL-75A6DCBC-AD94-4D7C-BF14-E5CB355B0E91-X019-S04-L054-B1-T1-P043,ATAC,human,read1,read2,75,paired
CHOL-75A6DCBC-AD94-4D7C-BF14-E5CB355B0E91-X019-S04-L055-B1-T2-P044,ATAC,human,read1,read2,75,paired
COAD-0914606C-2CA1-4287-B530-DB70EA93ED6C-X022-S02-L050-B1-T1-P053,ATAC,human,read1,read2,75,paired
COAD-0914606C-2CA1-4287-B530-DB70EA93ED6C-X022-S02-L051-B1-T2-P050,ATAC,human,read1,read2,75,paired
COAD-0B139EBC-D372-4EC3-90DB-4CC9BC6F38DC-X006-S05-L038-B1-T1-P012,ATAC,human,read1,read2,75,paired
COAD-0B139EBC-D372-4EC3-90DB-4CC9BC6F38DC-X006-S05-L039-B1-T2-P014,ATAC,human,read1,read2,75,paired
COAD-0B7D5055-6D9C-46BB-A420-8098CD555089-X003-S07-L031-B1-T1-P002,ATAC,human,read1,read2,75,paired
COAD-0B7D5055-6D9C-46BB-A420-8098CD555089-X003-S07-L032-B1-T2-P002,ATAC,human,read1,read2,75,paired
COAD-1B956E80-EFF5-4EF5-88F3-EBDF4515217A-X021-S05-L033-B1-T2-P052,ATAC,human,read1,read2,75,paired
COAD-1E46B832-4B41-4CA3-B2DB-C8287EFFC589-X011-S04-L007-B1-T1-P025,ATAC,human,read1,read2,75,paired
COAD-1E46B832-4B41-4CA3-B2DB-C8287EFFC589-X011-S04-L008-B1-T2-P026,ATAC,human,read1,read2,75,paired
COAD-29C18FA9-CDF6-49A5-9CEB-49C11EF0433F-X003-S08-L033-B1-T1-P002,ATAC,human,read1,read2,75,paired
COAD-29C18FA9-CDF6-49A5-9CEB-49C11EF0433F-X003-S08-L034-B1-T2-P002,ATAC,human,read1,read2,75,paired
COAD-2EB7D36F-5616-460C-91C9-6D0AEA893D97-X001-S04-L007-B1-T1-P004,ATAC,human,read1,read2,75,paired
COAD-32AA8B86-5414-4552-B946-E2F368618E5F-X009-S12-L047-B1-T1-P016,ATAC,human,read1,read2,75,paired
COAD-32AA8B86-5414-4552-B946-E2F368618E5F-X009-S12-L048-B1-T2-P017,ATAC,human,read1,read2,75,paired
COAD-3B3A0F79-C38C-42F9-A7ED-EEA42B66C468-X023-S14-L099-B1-T1-P055,ATAC,human,read1,read2,75,paired
COAD-3B3A0F79-C38C-42F9-A7ED-EEA42B66C468-X023-S14-L100-B1-T2-P058,ATAC,human,read1,read2,75,paired
COAD-3ECCFFD0-0915-4151-9B10-6C7C37372A72-X002-S05-L009-B1-T1-P001,ATAC,human,read1,read2,75,paired
COAD-3ECCFFD0-0915-4151-9B10-6C7C37372A72-X002-S05-L010-B1-T2-P001,ATAC,human,read1,read2,75,paired
COAD-42D5A2CF-D448-4072-8278-98B643DAA870-X022-S08-L061-B1-T1-P049,ATAC,human,read1,read2,75,paired
COAD-42D5A2CF-D448-4072-8278-98B643DAA870-X022-S08-L062-B1-T2-P048,ATAC,human,read1,read2,75,paired
COAD-42E74A17-DD9B-46E6-9EE5-B13002ABE778-X012-S09-L041-B1-T1-P022,ATAC,human,read1,read2,75,paired
COAD-42E74A17-DD9B-46E6-9EE5-B13002ABE778-X012-S09-L042-B1-T2-P023,ATAC,human,read1,read2,75,paired
COAD-46471206-CECD-4A89-99A9-809675776136-X015-S01-L025-B1-T1-P034,ATAC,human,read1,read2,75,paired
COAD-46471206-CECD-4A89-99A9-809675776136-X015-S01-L026-B1-T2-P033,ATAC,human,read1,read2,75,paired
COAD-492F3932-39FF-4FB1-89D8-8A9474FBA080-X019-S06-L058-B1-T1-P038,ATAC,human,read1,read2,75,paired
COAD-492F3932-39FF-4FB1-89D8-8A9474FBA080-X019-S06-L059-B1-T2-P043,ATAC,human,read1,read2,75,paired
COAD-4A17E8A4-41C9-42FB-8976-C38C0DE9EC05-X004-S03-L047-B1-T1-P006,ATAC,human,read1,read2,75,paired
COAD-4A17E8A4-41C9-42FB-8976-C38C0DE9EC05-X004-S03-L048-B1-T2-P006,ATAC,human,read1,read2,75,paired
COAD-542202A7-3D76-40F4-89CC-8DA386DCF48B-X007-S12-L080-B1-T2-P010,ATAC,human,read1,read2,75,paired
COAD-561632F0-56A1-4FF0-8DD1-219AD30591D4-X015-S04-L031-B1-T1-P037,ATAC,human,read1,read2,75,paired
COAD-561632F0-56A1-4FF0-8DD1-219AD30591D4-X015-S04-L032-B1-T2-P036,ATAC,human,read1,read2,75,paired
COAD-57255B8E-9085-4CDF-98DE-B4858BFF5789-X019-S07-L060-B1-T1-P043,ATAC,human,read1,read2,75,paired
COAD-57255B8E-9085-4CDF-98DE-B4858BFF5789-X019-S07-L061-B1-T2-P038,ATAC,human,read1,read2,75,paired
COAD-5D002D01-AE41-44B9-BE6B-A58B470062BD-X020-S09-L017-B1-T1-P052,ATAC,human,read1,read2,75,paired
COAD-5D002D01-AE41-44B9-BE6B-A58B470062BD-X020-S09-L018-B1-T2-P049,ATAC,human,read1,read2,75,paired
COAD-60C262B4-7743-46BC-A16A-3C087FA577BE-X010-S12-L071-B1-T1-P020,ATAC,human,read1,read2,75,paired
COAD-60C262B4-7743-46BC-A16A-3C087FA577BE-X010-S12-L072-B1-T2-P021,ATAC,human,read1,read2,75,paired
COAD-62DDE2A9-D8F7-4DD6-BE50-CC208AE71FFC-X017-S05-L009-B1-T1-P042,ATAC,human,read1,read2,75,paired
COAD-62DDE2A9-D8F7-4DD6-BE50-CC208AE71FFC-X017-S05-L010-B1-T2-P040,ATAC,human,read1,read2,75,paired
COAD-64DC847B-9D5E-4484-B067-0B8B585B0DF8-X014-S07-L014-B1-T2-P037,ATAC,human,read1,read2,75,paired
COAD-73167300-8F3F-4ACB-B519-2897C285C63F-X010-S02-L051-B1-T1-P017,ATAC,human,read1,read2,75,paired
COAD-73167300-8F3F-4ACB-B519-2897C285C63F-X010-S02-L052-B1-T2-P019,ATAC,human,read1,read2,75,paired
COAD-74EF44ED-9B3A-4E21-9E86-6C753CF94F4F-X006-S03-L034-B1-T1-P012,ATAC,human,read1,read2,75,paired
COAD-74EF44ED-9B3A-4E21-9E86-6C753CF94F4F-X006-S03-L035-B1-T2-P012,ATAC,human,read1,read2,75,paired
COAD-77DDE147-7453-4E7A-A730-E2D408F968ED-X018-S06-L034-B1-T1-P045,ATAC,human,read1,read2,75,paired
COAD-77DDE147-7453-4E7A-A730-E2D408F968ED-X018-S06-L035-B1-T2-P046,ATAC,human,read1,read2,75,paired
COAD-7E54C176-FB16-4492-9688-2BCD0F421E56-X004-S07-L054-B1-T2-P007,ATAC,human,read1,read2,75,paired
COAD-8E38B9F2-90FA-4DA8-A332-7F8B75AD6C4A-X023-S08-L087-B1-T1-P057,ATAC,human,read1,read2,75,paired
COAD-8E38B9F2-90FA-4DA8-A332-7F8B75AD6C4A-X023-S08-L088-B1-T2-P058,ATAC,human,read1,read2,75,paired
COAD-A5B3C573-AAC8-4775-AE3F-AE7D3BE2CC80-X017-S08-L015-B1-T1-P038,ATAC,human,read1,read2,75,paired
COAD-A5B3C573-AAC8-4775-AE3F-AE7D3BE2CC80-X017-S08-L016-B1-T2-P041,ATAC,human,read1,read2,75,paired
COAD-AEB99386-152C-4B0C-AC65-6B222FCE2412-X002-S04-L007-B1-T1-P005,ATAC,human,read1,read2,75,paired
COAD-AEB99386-152C-4B0C-AC65-6B222FCE2412-X002-S04-L008-B1-T2-P005,ATAC,human,read1,read2,75,paired
COAD-B5AE6F25-E2EA-412F-AC4C-E11EA47FC490-X007-S03-L061-B1-T2-P010,ATAC,human,read1,read2,75,paired
COAD-BA3E7A65-30AB-4ED9-BF52-ED8138164EB9-X007-S08-L069-B1-T1-P010,ATAC,human,read1,read2,75,paired
COAD-BC05CF64-A1D1-4B97-912E-5B98183DBC8C-X016-S03-L051-B1-T1-P032,ATAC,human,read1,read2,75,paired
COAD-BC05CF64-A1D1-4B97-912E-5B98183DBC8C-X016-S03-L052-B1-T2-P036,ATAC,human,read1,read2,75,paired
COAD-C4C5A550-D6B2-4D3F-9AC6-6670C4536911-X018-S04-L030-B1-T1-P040,ATAC,human,read1,read2,75,paired
COAD-C4C5A550-D6B2-4D3F-9AC6-6670C4536911-X018-S04-L031-B1-T2-P043,ATAC,human,read1,read2,75,paired
COAD-CC735B5F-BE7A-4206-BB75-48A9C82CB8D3-X013-S08-L063-B1-T1-P023,ATAC,human,read1,read2,75,paired
COAD-CC735B5F-BE7A-4206-BB75-48A9C82CB8D3-X013-S08-L064-B1-T2-P028,ATAC,human,read1,read2,75,paired
COAD-D0F82B03-939F-4445-AC8E-64C964402761-X007-S04-L063-B1-T2-P031,ATAC,human,read1,read2,75,paired
COAD-DC7564C4-1BB1-4FC9-B8BB-B557E69E35CC-X013-S11-L068-B1-T1-P030,ATAC,human,read1,read2,75,paired
COAD-DC7564C4-1BB1-4FC9-B8BB-B557E69E35CC-X013-S11-L069-B1-T2-P027,ATAC,human,read1,read2,75,paired
COAD-E51C5352-B7B3-4ADD-9762-EFF31721773F-X016-S05-L055-B1-T1-P038,ATAC,human,read1,read2,75,paired
COAD-E51C5352-B7B3-4ADD-9762-EFF31721773F-X016-S05-L056-B1-T2-P036,ATAC,human,read1,read2,75,paired
COAD-E909BFFC-69FE-4F53-AB5E-5E99EEFDAE02-X012-S10-L044-B1-T2-P024,ATAC,human,read1,read2,75,paired
COAD-EAA1986E-7F10-47A6-BF27-02BAAF0E7A58-X011-S11-L021-B1-T1-P025,ATAC,human,read1,read2,75,paired
COAD-EAA1986E-7F10-47A6-BF27-02BAAF0E7A58-X011-S11-L022-B1-T2-P026,ATAC,human,read1,read2,75,paired
COAD-ED8C6999-09C5-4B1C-916B-0E479EB39F6D-X009-S08-L039-B1-T1-P020,ATAC,human,read1,read2,75,paired
COAD-ED8C6999-09C5-4B1C-916B-0E479EB39F6D-X009-S08-L040-B1-T2-P017,ATAC,human,read1,read2,75,paired
COAD-FB8215D6-C4F6-45D9-965E-A6992E9EAEB7-X021-S12-L046-B1-T1-P049,ATAC,human,read1,read2,75,paired
COAD-FB8215D6-C4F6-45D9-965E-A6992E9EAEB7-X021-S12-L047-B1-T2-P048,ATAC,human,read1,read2,75,paired
ESCA-1E6AC686-96C2-46C4-A451-12D30114DD06-X012-S02-L027-B1-T1-P024,ATAC,human,read1,read2,75,paired
ESCA-1E6AC686-96C2-46C4-A451-12D30114DD06-X012-S02-L028-B1-T2-P026,ATAC,human,read1,read2,75,paired
ESCA-1FEF5E19-2351-4D46-99B4-63F0637ABF17-X010-S08-L063-B1-T1-P016,ATAC,human,read1,read2,75,paired
ESCA-1FEF5E19-2351-4D46-99B4-63F0637ABF17-X010-S08-L064-B1-T2-P016,ATAC,human,read1,read2,75,paired
ESCA-22102BD7-4D9F-4914-84D0-C64E2CB0D8C1-X018-S02-L027-B1-T1-P040,ATAC,human,read1,read2,75,paired
ESCA-22102BD7-4D9F-4914-84D0-C64E2CB0D8C1-X018-S02-L028-B1-T2-P045,ATAC,human,read1,read2,75,paired
ESCA-28184A42-07CF-4C5F-90E4-805CB39E2990-X015-S05-L033-B1-T1-P034,ATAC,human,read1,read2,75,paired
ESCA-28184A42-07CF-4C5F-90E4-805CB39E2990-X015-S05-L034-B1-T2-P036,ATAC,human,read1,read2,75,paired
ESCA-2CF8A6D4-F43E-41A6-AD3B-22E699550CD2-X008-S08-L015-B1-T1-P017,ATAC,human,read1,read2,75,paired
ESCA-2CF8A6D4-F43E-41A6-AD3B-22E699550CD2-X008-S08-L016-B1-T2-P028,ATAC,human,read1,read2,75,paired
ESCA-30FD1AB6-6197-498C-86D0-2A8CA2B1FA51-X016-S01-L047-B1-T1-P031,ATAC,human,read1,read2,75,paired
ESCA-30FD1AB6-6197-498C-86D0-2A8CA2B1FA51-X016-S01-L048-B1-T2-P033,ATAC,human,read1,read2,75,paired
ESCA-3433A6BC-AEAF-459B-8A67-C0C2301280C8-X007-S06-L065-B1-T1-P012,ATAC,human,read1,read2,75,paired
ESCA-3433A6BC-AEAF-459B-8A67-C0C2301280C8-X007-S06-L066-B1-T2-P011,ATAC,human,read1,read2,75,paired
ESCA-57016875-7C97-43EE-AD1F-242912852479-X021-S06-L034-B1-T1-P051,ATAC,human,read1,read2,75,paired
ESCA-57016875-7C97-43EE-AD1F-242912852479-X021-S06-L035-B1-T2-P048,ATAC,human,read1,read2,75,paired
ESCA-663192A1-DAE9-463A-A3E4-C4E7EDBD5734-X006-S02-L032-B1-T1-P011,ATAC,human,read1,read2,75,paired
ESCA-6DC73EB5-5736-46B8-8731-B44C4F740B2F-X017-S09-L017-B1-T1-P041,ATAC,human,read1,read2,75,paired
ESCA-6DC73EB5-5736-46B8-8731-B44C4F740B2F-X017-S09-L018-B1-T2-P042,ATAC,human,read1,read2,75,paired
ESCA-7DBFB952-8680-464C-A692-69343181D996-X007-S10-L074-B1-T2-P013,ATAC,human,read1,read2,75,paired
ESCA-81D32E9D-3A4E-466E-B7B3-4D0FD8822CB4-X005-S05-L008-B1-T1-P014,ATAC,human,read1,read2,75,paired
ESCA-C6860084-FC18-4AD6-8784-E548B1A59573-X007-S11-L077-B1-T1-P011,ATAC,human,read1,read2,75,paired
ESCA-C6860084-FC18-4AD6-8784-E548B1A59573-X007-S11-L078-B1-T2-P012,ATAC,human,read1,read2,75,paired
ESCA-E7719DEC-B2E3-41D3-BB06-BCA05538058A-X006-S04-L036-B1-T1-P009,ATAC,human,read1,read2,75,paired
ESCA-E7719DEC-B2E3-41D3-BB06-BCA05538058A-X006-S04-L037-B1-T2-P013,ATAC,human,read1,read2,75,paired
ESCA-F025BE90-A174-4C60-987A-58EFE830C68A-X020-S04-L007-B1-T1-P053,ATAC,human,read1,read2,75,paired
ESCA-F025BE90-A174-4C60-987A-58EFE830C68A-X020-S04-L008-B1-T2-P054,ATAC,human,read1,read2,75,paired
ESCA-F85278F2-0497-4F2D-B8E5-CDEE733FB047-X013-S01-L049-B1-T1-P022,ATAC,human,read1,read2,75,paired
ESCA-F85278F2-0497-4F2D-B8E5-CDEE733FB047-X013-S01-L050-B1-T2-P028,ATAC,human,read1,read2,75,paired
GBMx-09C0DCE7-D669-4D28-980D-BF71179116A4-X008-S01-L001-B1-T1-P017,ATAC,human,read1,read2,75,paired
GBMx-09C0DCE7-D669-4D28-980D-BF71179116A4-X008-S01-L002-B1-T2-P020,ATAC,human,read1,read2,75,paired
GBMx-193F811A-D110-4C59-86B7-FFDAA205844B-X015-S12-L045-B1-T1-P036,ATAC,human,read1,read2,75,paired
GBMx-193F811A-D110-4C59-86B7-FFDAA205844B-X015-S12-L046-B1-T2-P035,ATAC,human,read1,read2,75,paired
GBMx-6BEE2CB6-9AFD-42A6-9C26-9C4428FBABFA-X019-S10-L066-B1-T1-P045,ATAC,human,read1,read2,75,paired
GBMx-6BEE2CB6-9AFD-42A6-9C26-9C4428FBABFA-X019-S10-L067-B1-T2-P046,ATAC,human,read1,read2,75,paired
GBMx-714AA767-CACF-413D-B2FD-FE1882A80C57-X008-S07-L013-B1-T1-P019,ATAC,human,read1,read2,75,paired
GBMx-714AA767-CACF-413D-B2FD-FE1882A80C57-X008-S07-L014-B1-T2-P018,ATAC,human,read1,read2,75,paired
GBMx-9976F952-23A5-431A-A431-01E544324A26-X022-S03-L052-B1-T1-P050,ATAC,human,read1,read2,75,paired
GBMx-9976F952-23A5-431A-A431-01E544324A26-X022-S03-L053-B1-T2-P051,ATAC,human,read1,read2,75,paired
GBMx-99D8A126-072F-4485-8D2D-6981505460C2-X017-S01-L001-B1-T1-P045,ATAC,human,read1,read2,75,paired
GBMx-99D8A126-072F-4485-8D2D-6981505460C2-X017-S01-L002-B1-T2-P042,ATAC,human,read1,read2,75,paired
GBMx-A299027D-1362-4261-95BC-DD25B12F57C2-X020-S06-L011-B1-T1-P047,ATAC,human,read1,read2,75,paired
GBMx-A299027D-1362-4261-95BC-DD25B12F57C2-X020-S06-L012-B1-T2-P053,ATAC,human,read1,read2,75,paired
GBMx-A90B18B6-6056-46D1-BF4E-70710236B8DD-X011-S07-L013-B1-T1-P027,ATAC,human,read1,read2,75,paired
GBMx-A90B18B6-6056-46D1-BF4E-70710236B8DD-X011-S07-L014-B1-T2-P030,ATAC,human,read1,read2,75,paired
GBMx-ED12A6C9-D96E-49C4-B882-6382A5FB4538-X023-S02-L075-B1-T1-P057,ATAC,human,read1,read2,75,paired
GBMx-ED12A6C9-D96E-49C4-B882-6382A5FB4538-X023-S02-L076-B1-T2-P055,ATAC,human,read1,read2,75,paired
HNSC-19453A09-733B-4E0B-AD43-90DFE9374598-X037-S10-L067-B1-T1-P106,ATAC,human,read1,read2,75,paired
HNSC-19453A09-733B-4E0B-AD43-90DFE9374598-X037-S10-L068-B1-T2-P093,ATAC,human,read1,read2,75,paired
HNSC-2790E71B-7C59-4237-8DD6-5FDE8971AFDC-X037-S07-L061-B1-T1-P091,ATAC,human,read1,read2,75,paired
HNSC-2790E71B-7C59-4237-8DD6-5FDE8971AFDC-X037-S07-L062-B1-T2-P089,ATAC,human,read1,read2,75,paired
HNSC-4BB2B5AC-B01A-439A-A7AD-EF8CEC865DB3-X026-S06-L063-B1-T1-P068,ATAC,human,read1,read2,75,paired
HNSC-4BB2B5AC-B01A-439A-A7AD-EF8CEC865DB3-X026-S06-L064-B1-T2-P064,ATAC,human,read1,read2,75,paired
HNSC-792EA5E5-66EF-406A-AFCA-70BC90A6C324-X038-S05-L081-B1-T1-P092,ATAC,human,read1,read2,75,paired
HNSC-792EA5E5-66EF-406A-AFCA-70BC90A6C324-X038-S05-L082-B1-T2-P093,ATAC,human,read1,read2,75,paired
HNSC-7F157EB5-19C5-4E68-827E-327704D7A212-X024-S01-L001-B1-T1-P059,ATAC,human,read1,read2,75,paired
HNSC-855DA2A7-03B9-4E59-BDFE-F1D86395FC26-X030-S12-L047-B1-T1-P072,ATAC,human,read1,read2,75,paired
HNSC-855DA2A7-03B9-4E59-BDFE-F1D86395FC26-X030-S12-L048-B1-T2-P070,ATAC,human,read1,read2,75,paired
HNSC-B4C01112-D529-49C5-A458-0E09DA1C071E-X041-S05-L009-B1-T1-P084,ATAC,human,read1,read2,75,paired
HNSC-B4C01112-D529-49C5-A458-0E09DA1C071E-X041-S05-L010-B1-T2-P085,ATAC,human,read1,read2,75,paired
HNSC-D6F95774-441D-47F6-93CE-999D7BE81E44-X040-S11-L141-B1-T2-P103,ATAC,human,read1,read2,75,paired
HNSC-D8E8DB95-B06F-43C5-90BD-303E4A0E1874-X031-S07-L059-B1-T1-P078,ATAC,human,read1,read2,75,paired
HNSC-D8E8DB95-B06F-43C5-90BD-303E4A0E1874-X031-S07-L060-B1-T2-P077,ATAC,human,read1,read2,75,paired
KIRC-0A1F461B-6A6F-4142-8174-073ABBC28DF8-X002-S01-L001-B1-T1-P005,ATAC,human,read1,read2,75,paired
KIRC-0A1F461B-6A6F-4142-8174-073ABBC28DF8-X002-S01-L002-B1-T2-P005,ATAC,human,read1,read2,75,paired
KIRC-0BCD21B9-CB40-447A-A948-1E81C1639D73-X004-S11-L061-B1-T2-P006,ATAC,human,read1,read2,75,paired
KIRC-26756D07-DF00-425A-853F-93B4E5617D46-X022-S04-L054-B1-T1-P049,ATAC,human,read1,read2,75,paired
KIRC-26756D07-DF00-425A-853F-93B4E5617D46-X022-S04-L055-B1-T2-P047,ATAC,human,read1,read2,75,paired
KIRC-2C210B7C-F149-4818-98F3-9B143E33B851-X001-S01-L001-B1-T1-P004,ATAC,human,read1,read2,75,paired
KIRC-2C210B7C-F149-4818-98F3-9B143E33B851-X001-S01-L002-B1-T2-P004,ATAC,human,read1,read2,75,paired
KIRC-3452354F-0DD5-47A3-BCB0-46A55541F9CF-X014-S12-L023-B1-T1-P034,ATAC,human,read1,read2,75,paired
KIRC-3452354F-0DD5-47A3-BCB0-46A55541F9CF-X014-S12-L024-B1-T2-P037,ATAC,human,read1,read2,75,paired
KIRC-5786B3A8-42EB-47D3-A498-7FB1B3396376-X003-S10-L037-B1-T1-P010,ATAC,human,read1,read2,75,paired
KIRC-636FFA9B-55A1-4D2E-A2DF-AF9FF8FA74A2-X018-S12-L046-B1-T1-P043,ATAC,human,read1,read2,75,paired
KIRC-636FFA9B-55A1-4D2E-A2DF-AF9FF8FA74A2-X018-S12-L047-B1-T2-P041,ATAC,human,read1,read2,75,paired
KIRC-74F7F7E1-DD7C-4A10-A83D-3531DB117830-X003-S03-L023-B1-T1-P003,ATAC,human,read1,read2,75,paired
KIRC-74F7F7E1-DD7C-4A10-A83D-3531DB117830-X003-S03-L024-B1-T2-P003,ATAC,human,read1,read2,75,paired
KIRC-764CDC61-4B64-49A5-ADD9-8CFDA859D486-X023-S09-L089-B1-T1-P056,ATAC,human,read1,read2,75,paired
KIRC-764CDC61-4B64-49A5-ADD9-8CFDA859D486-X023-S09-L090-B1-T2-P055,ATAC,human,read1,read2,75,paired
KIRC-7D6A394E-01EC-4C58-A010-1C63147A376A-X010-S10-L067-B1-T1-P019,ATAC,human,read1,read2,75,paired
KIRC-7D6A394E-01EC-4C58-A010-1C63147A376A-X010-S10-L068-B1-T2-P018,ATAC,human,read1,read2,75,paired
KIRC-8B2A2833-6735-4555-941D-BAEFE9248C9E-X003-S04-L025-B1-T1-P003,ATAC,human,read1,read2,75,paired
KIRC-8B2A2833-6735-4555-941D-BAEFE9248C9E-X003-S04-L026-B1-T2-P003,ATAC,human,read1,read2,75,paired
KIRC-97AE56C6-2AA5-4B27-977E-204C9A68FB9C-X013-S02-L051-B1-T1-P023,ATAC,human,read1,read2,75,paired
KIRC-B4113118-07F1-4E2F-A702-43CDB2C0B192-X010-S05-L057-B1-T1-P018,ATAC,human,read1,read2,75,paired
KIRC-B4113118-07F1-4E2F-A702-43CDB2C0B192-X010-S05-L058-B1-T2-P019,ATAC,human,read1,read2,75,paired
KIRC-B73B67F3-4074-4DBF-97F1-081A17147C54-X007-S07-L067-B1-T1-P009,ATAC,human,read1,read2,75,paired
KIRC-B73B67F3-4074-4DBF-97F1-081A17147C54-X007-S07-L068-B1-T2-P031,ATAC,human,read1,read2,75,paired
KIRC-E23C2DB7-95FC-4883-AE21-DC5573914B08-X018-S11-L044-B1-T1-P045,ATAC,human,read1,read2,75,paired
KIRC-E23C2DB7-95FC-4883-AE21-DC5573914B08-X018-S11-L045-B1-T2-P039,ATAC,human,read1,read2,75,paired
KIRC-F62461A5-6358-41C0-9435-01FA2C47868F-X004-S12-L062-B1-T1-P007,ATAC,human,read1,read2,75,paired
KIRC-F62461A5-6358-41C0-9435-01FA2C47868F-X004-S12-L063-B1-T2-P007,ATAC,human,read1,read2,75,paired
KIRP-042753BE-85C4-4099-8D32-D0CB0E1EB4DD-X017-S10-L019-B1-T1-P040,ATAC,human,read1,read2,75,paired
KIRP-042753BE-85C4-4099-8D32-D0CB0E1EB4DD-X017-S10-L020-B1-T2-P042,ATAC,human,read1,read2,75,paired
KIRP-09B393E2-4336-4C79-BA60-5DCF9129164C-X011-S08-L015-B1-T1-P027,ATAC,human,read1,read2,75,paired
KIRP-09B393E2-4336-4C79-BA60-5DCF9129164C-X011-S08-L016-B1-T2-P029,ATAC,human,read1,read2,75,paired
KIRP-0C6C66CE-7D41-4176-8438-F275CDFE7759-X006-S07-L044-B1-T1-P012,ATAC,human,read1,read2,75,paired
KIRP-0C6C66CE-7D41-4176-8438-F275CDFE7759-X006-S07-L045-B1-T2-P014,ATAC,human,read1,read2,75,paired
KIRP-0FE0002E-9238-49B8-9550-980FC3AB7146-X021-S11-L044-B1-T1-P047,ATAC,human,read1,read2,75,paired
KIRP-0FE0002E-9238-49B8-9550-980FC3AB7146-X021-S11-L045-B1-T2-P048,ATAC,human,read1,read2,75,paired
KIRP-270E1387-1CB4-4420-AB6C-F489F428DF35-X023-S12-L095-B1-T1-P057,ATAC,human,read1,read2,75,paired
KIRP-270E1387-1CB4-4420-AB6C-F489F428DF35-X023-S12-L096-B1-T2-P058,ATAC,human,read1,read2,75,paired
KIRP-3AB3B701-7C1B-488C-B975-0F6F80F0CB57-X018-S07-L036-B1-T1-P040,ATAC,human,read1,read2,75,paired
KIRP-3AB3B701-7C1B-488C-B975-0F6F80F0CB57-X018-S07-L037-B1-T2-P039,ATAC,human,read1,read2,75,paired
KIRP-505F564D-34DD-4D23-BB66-E55A20D17D60-X008-S05-L009-B1-T1-P021,ATAC,human,read1,read2,75,paired
KIRP-505F564D-34DD-4D23-BB66-E55A20D17D60-X008-S05-L010-B1-T2-P030,ATAC,human,read1,read2,75,paired
KIRP-519FD510-1C90-4477-ADEA-078669DC38F2-X022-S09-L063-B1-T1-P048,ATAC,human,read1,read2,75,paired
KIRP-519FD510-1C90-4477-ADEA-078669DC38F2-X022-S09-L064-B1-T2-P049,ATAC,human,read1,read2,75,paired
KIRP-52DFFDB2-62DB-4DD7-91BB-B9C34FC1E08C-X016-S07-L059-B1-T1-P032,ATAC,human,read1,read2,75,paired
KIRP-52DFFDB2-62DB-4DD7-91BB-B9C34FC1E08C-X016-S07-L060-B1-T2-P033,ATAC,human,read1,read2,75,paired
KIRP-5E268D3E-9CC0-4D85-9742-765A53CB3D96-X015-S03-L029-B1-T1-P034,ATAC,human,read1,read2,75,paired
KIRP-5E268D3E-9CC0-4D85-9742-765A53CB3D96-X015-S03-L030-B1-T2-P037,ATAC,human,read1,read2,75,paired
KIRP-727BDE79-FED3-4534-9639-7BD8E0AF8FC0-X020-S01-L001-B1-T1-P050,ATAC,human,read1,read2,75,paired
KIRP-727BDE79-FED3-4534-9639-7BD8E0AF8FC0-X020-S01-L002-B1-T2-P049,ATAC,human,read1,read2,75,paired
KIRP-72FE20F7-344B-4E28-B403-E85361A66552-X008-S10-L019-B1-T1-P020,ATAC,human,read1,read2,75,paired
KIRP-72FE20F7-344B-4E28-B403-E85361A66552-X008-S10-L020-B1-T2-P021,ATAC,human,read1,read2,75,paired
KIRP-791AAC61-D60E-41AC-9248-99F517F220E3-X012-S04-L031-B1-T1-P023,ATAC,human,read1,read2,75,paired
KIRP-791AAC61-D60E-41AC-9248-99F517F220E3-X012-S04-L032-B1-T2-P022,ATAC,human,read1,read2,75,paired
KIRP-804764D2-A6F0-46BD-9D0E-7DE65B228F5C-X021-S02-L026-B1-T1-P050,ATAC,human,read1,read2,75,paired
KIRP-804764D2-A6F0-46BD-9D0E-7DE65B228F5C-X021-S02-L027-B1-T2-P053,ATAC,human,read1,read2,75,paired
KIRP-8AF1A570-9364-41E5-A8A3-E4DD24FAEEA6-X017-S02-L003-B1-T1-P044,ATAC,human,read1,read2,75,paired
KIRP-8CAE0E7A-6D06-46BF-BC85-57E457CFBBDA-X008-S11-L021-B1-T1-P018,ATAC,human,read1,read2,75,paired
KIRP-8CAE0E7A-6D06-46BF-BC85-57E457CFBBDA-X008-S11-L022-B1-T2-P030,ATAC,human,read1,read2,75,paired
KIRP-90796CEF-ABF4-4134-B560-6BD9A7E78BA0-X007-S09-L071-B1-T1-P010,ATAC,human,read1,read2,75,paired
KIRP-90796CEF-ABF4-4134-B560-6BD9A7E78BA0-X007-S09-L072-B1-T2-P009,ATAC,human,read1,read2,75,paired
KIRP-9B640802-873B-4B53-B626-566FFC002E91-X015-S08-L039-B1-T1-P035,ATAC,human,read1,read2,75,paired
KIRP-9B640802-873B-4B53-B626-566FFC002E91-X015-S08-L040-B1-T2-P034,ATAC,human,read1,read2,75,paired
KIRP-9E89F1FA-31C6-46C4-B203-29DBB9F1B184-X016-S06-L057-B1-T1-P036,ATAC,human,read1,read2,75,paired
KIRP-9E89F1FA-31C6-46C4-B203-29DBB9F1B184-X016-S06-L058-B1-T2-P033,ATAC,human,read1,read2,75,paired
KIRP-A1F39D17-79BC-485B-80ED-5EBB531CA57C-X006-S12-L054-B1-T1-P013,ATAC,human,read1,read2,75,paired
KIRP-A66508E8-FAA2-4B0C-8F22-823809294A97-X020-S11-L020-B1-T1-P054,ATAC,human,read1,read2,75,paired
KIRP-A66508E8-FAA2-4B0C-8F22-823809294A97-X020-S11-L021-B1-T2-P052,ATAC,human,read1,read2,75,paired
KIRP-B3C1CAEA-4175-4066-B9D1-6CC8097BDB40-X021-S10-L042-B1-T1-P047,ATAC,human,read1,read2,75,paired
KIRP-B3C1CAEA-4175-4066-B9D1-6CC8097BDB40-X021-S10-L043-B1-T2-P049,ATAC,human,read1,read2,75,paired
KIRP-B66E832D-DDE1-44C7-BCA0-AF649AAF50D7-X019-S08-L062-B1-T1-P039,ATAC,human,read1,read2,75,paired
KIRP-B66E832D-DDE1-44C7-BCA0-AF649AAF50D7-X019-S08-L063-B1-T2-P038,ATAC,human,read1,read2,75,paired
KIRP-BEB0AB9C-2DFA-49E1-BD4B-5A65BED95B83-X012-S12-L047-B1-T1-P027,ATAC,human,read1,read2,75,paired
KIRP-BEB0AB9C-2DFA-49E1-BD4B-5A65BED95B83-X012-S12-L048-B1-T2-P028,ATAC,human,read1,read2,75,paired
KIRP-DB49B30A-EECF-4F76-8E0B-3B0F612996F4-X006-S10-L050-B1-T1-P013,ATAC,human,read1,read2,75,paired
KIRP-DB49B30A-EECF-4F76-8E0B-3B0F612996F4-X006-S10-L051-B1-T2-P012,ATAC,human,read1,read2,75,paired
KIRP-DB8EEE5B-654A-4078-861D-67364F7F3881-X011-S10-L019-B1-T1-P026,ATAC,human,read1,read2,75,paired
KIRP-DB8EEE5B-654A-4078-861D-67364F7F3881-X011-S10-L020-B1-T2-P030,ATAC,human,read1,read2,75,paired
KIRP-DD265FAD-F2AB-4B2E-891B-9F33085DF9AF-X006-S01-L030-B1-T1-P009,ATAC,human,read1,read2,75,paired
KIRP-DD265FAD-F2AB-4B2E-891B-9F33085DF9AF-X006-S01-L031-B1-T2-P010,ATAC,human,read1,read2,75,paired
KIRP-DFEC4B50-8B95-4E6C-B78D-D68B890C66FE-X019-S09-L064-B1-T1-P039,ATAC,human,read1,read2,75,paired
KIRP-DFEC4B50-8B95-4E6C-B78D-D68B890C66FE-X019-S09-L065-B1-T2-P046,ATAC,human,read1,read2,75,paired
KIRP-E65C8B50-CC10-43D7-9739-6E8658F9D89B-X012-S01-L026-B1-T2-P022,ATAC,human,read1,read2,75,paired
KIRP-FAD34DB3-49EA-4DDC-A565-145EC396087E-X013-S10-L066-B1-T1-P023,ATAC,human,read1,read2,75,paired
KIRP-FAD34DB3-49EA-4DDC-A565-145EC396087E-X013-S10-L067-B1-T2-P027,ATAC,human,read1,read2,75,paired
KIRP-FDA28C1E-17D3-4068-88C3-51D150F15DC9-X022-S01-L048-B1-T1-P051,ATAC,human,read1,read2,75,paired
KIRP-FDA28C1E-17D3-4068-88C3-51D150F15DC9-X022-S01-L049-B1-T2-P048,ATAC,human,read1,read2,75,paired
KIRP-FFF322EC-6F9A-42E4-879B-6439754FE484-X023-S13-L097-B1-T1-P056,ATAC,human,read1,read2,75,paired
KIRP-FFF322EC-6F9A-42E4-879B-6439754FE484-X023-S13-L098-B1-T2-P055,ATAC,human,read1,read2,75,paired
LGGx-116B070A-3412-4866-87B9-8337AD92CA94-X022-S11-L066-B1-T1-P050,ATAC,human,read1,read2,75,paired
LGGx-116B070A-3412-4866-87B9-8337AD92CA94-X022-S11-L067-B1-T2-P048,ATAC,human,read1,read2,75,paired
LGGx-2B03F922-2B01-4A7B-988A-BFE9C3BDED00-X030-S02-L027-B1-T1-P075,ATAC,human,read1,read2,75,paired
LGGx-2B03F922-2B01-4A7B-988A-BFE9C3BDED00-X030-S02-L028-B1-T2-P081,ATAC,human,read1,read2,75,paired
LGGx-2F543B87-3A9F-4B55-9E8D-10B5AB94CE51-X034-S07-L129-B1-T1-P074,ATAC,human,read1,read2,75,paired
LGGx-2F543B87-3A9F-4B55-9E8D-10B5AB94CE51-X034-S07-L130-B1-T2-P081,ATAC,human,read1,read2,75,paired
LGGx-4E978019-CC7B-42B2-9396-8EEAF92432E4-X019-S03-L053-B1-T2-P045,ATAC,human,read1,read2,75,paired
LGGx-56FF7516-4BDD-4A58-8549-8AD0F007B970-X014-S09-L018-B1-T2-P032,ATAC,human,read1,read2,75,paired
LGGx-628A914A-4A96-4811-9479-2D8D447AF9E2-X013-S07-L061-B1-T1-P022,ATAC,human,read1,read2,75,paired
LGGx-628A914A-4A96-4811-9479-2D8D447AF9E2-X013-S07-L062-B1-T2-P028,ATAC,human,read1,read2,75,paired
LGGx-7BCD063E-F270-458F-9376-729BE2F3E2C6-X015-S02-L027-B1-T1-P037,ATAC,human,read1,read2,75,paired
LGGx-7BCD063E-F270-458F-9376-729BE2F3E2C6-X015-S02-L028-B1-T2-P036,ATAC,human,read1,read2,75,paired
LGGx-9A5916F6-43DA-40ED-A66A-7459EEBC8474-X018-S01-L025-B1-T1-P042,ATAC,human,read1,read2,75,paired
LGGx-9A5916F6-43DA-40ED-A66A-7459EEBC8474-X018-S01-L026-B1-T2-P044,ATAC,human,read1,read2,75,paired
LGGx-A6ED3CBE-E7FD-469C-BF98-07418F13E51B-X037-S06-L059-B1-T1-P094,ATAC,human,read1,read2,75,paired
LGGx-A6ED3CBE-E7FD-469C-BF98-07418F13E51B-X037-S06-L060-B1-T2-P087,ATAC,human,read1,read2,75,paired
LGGx-B0E1CD4B-FE13-4964-A0BB-59DFBA5A94BB-X020-S08-L015-B1-T1-P051,ATAC,human,read1,read2,75,paired
LGGx-B0E1CD4B-FE13-4964-A0BB-59DFBA5A94BB-X020-S08-L016-B1-T2-P048,ATAC,human,read1,read2,75,paired
LGGx-D032E98E-01EF-40D9-A839-F88F5E1F3DAF-X017-S03-L005-B1-T1-P046,ATAC,human,read1,read2,75,paired
LGGx-D032E98E-01EF-40D9-A839-F88F5E1F3DAF-X017-S03-L006-B1-T2-P045,ATAC,human,read1,read2,75,paired
LGGx-F649997E-20A9-43A5-B8ED-6C21363E4123-X036-S01-L025-B1-T1-P094,ATAC,human,read1,read2,75,paired
LGGx-F649997E-20A9-43A5-B8ED-6C21363E4123-X036-S01-L026-B1-T2-P095,ATAC,human,read1,read2,75,paired
LGGx-FC0365FE-DE25-4407-8951-F8D85551FBC3-X016-S10-L065-B1-T1-P032,ATAC,human,read1,read2,75,paired
LGGx-FC0365FE-DE25-4407-8951-F8D85551FBC3-X016-S10-L066-B1-T2-P031,ATAC,human,read1,read2,75,paired
LIHC-1916FDF9-2E1A-4B05-B5C6-98D5DBEA8488-X036-S08-L039-B1-T1-P104,ATAC,human,read1,read2,75,paired
LIHC-1916FDF9-2E1A-4B05-B5C6-98D5DBEA8488-X036-S08-L040-B1-T2-P097,ATAC,human,read1,read2,75,paired
LIHC-273EAF94-CC00-4303-B5FA-D097580CB5E6-X029-S04-L007-B1-T1-P074,ATAC,human,read1,read2,75,paired
LIHC-273EAF94-CC00-4303-B5FA-D097580CB5E6-X029-S04-L008-B1-T2-P070,ATAC,human,read1,read2,75,paired
LIHC-310B2961-4223-4541-AE8B-C22E20775318-X027-S06-L087-B1-T1-P065,ATAC,human,read1,read2,75,paired
LIHC-310B2961-4223-4541-AE8B-C22E20775318-X027-S06-L088-B1-T2-P062,ATAC,human,read1,read2,75,paired
LIHC-39F9069F-8AA1-46EE-B127-69157C3A94A1-X035-S09-L017-B1-T1-P099,ATAC,human,read1,read2,75,paired
LIHC-39F9069F-8AA1-46EE-B127-69157C3A94A1-X035-S09-L018-B1-T2-P100,ATAC,human,read1,read2,75,paired
LIHC-41A999C7-62D5-4AB7-9CA5-F39EF96141CD-X038-S02-L075-B1-T1-P091,ATAC,human,read1,read2,75,paired
LIHC-41A999C7-62D5-4AB7-9CA5-F39EF96141CD-X038-S02-L076-B1-T2-P096,ATAC,human,read1,read2,75,paired
LIHC-49E8423D-5CB8-4257-9BE8-0143D787C41F-X034-S12-L139-B1-T1-P082,ATAC,human,read1,read2,75,paired
LIHC-49E8423D-5CB8-4257-9BE8-0143D787C41F-X034-S12-L140-B1-T2-P079,ATAC,human,read1,read2,75,paired
LIHC-51CD5E23-C95F-4399-B77F-95B4C33E9173-X030-S06-L035-B1-T1-P076,ATAC,human,read1,read2,75,paired
LIHC-51CD5E23-C95F-4399-B77F-95B4C33E9173-X030-S06-L036-B1-T2-P079,ATAC,human,read1,read2,75,paired
LIHC-7BA22083-6B58-4B21-B764-6D1619419AAF-X025-S06-L038-B1-T2-P096,ATAC,human,read1,read2,75,paired
LIHC-855E9254-23F8-426E-9A20-D4A42A2662EA-X032-S07-L082-B1-T1-P070,ATAC,human,read1,read2,75,paired
LIHC-855E9254-23F8-426E-9A20-D4A42A2662EA-X032-S07-L083-B1-T2-P082,ATAC,human,read1,read2,75,paired
LIHC-9A74F036-42C5-44E2-8181-63D2B7526D80-X028-S12-L122-B1-T1-P060,ATAC,human,read1,read2,75,paired
LIHC-9A74F036-42C5-44E2-8181-63D2B7526D80-X028-S12-L123-B1-T2-P059,ATAC,human,read1,read2,75,paired
LIHC-A4C8EBCB-C1AD-43C3-96D3-17AC788E0C9E-X042-S04-L030-B1-T1-P086,ATAC,human,read1,read2,75,paired
LIHC-CA8B4E55-2856-4560-828D-C74F6F311E51-X024-S02-L005-B1-T3-P060,ATAC,human,read1,read2,75,paired
LIHC-CA8B4E55-2856-4560-828D-C74F6F311E51-X024-S02-L006-B1-T4-P063,ATAC,human,read1,read2,75,paired
LIHC-DD6CCFE8-1ADB-44E7-BD44-72C3AD7FA6C5-X031-S08-L061-B1-T1-P075,ATAC,human,read1,read2,75,paired
LIHC-DD6CCFE8-1ADB-44E7-BD44-72C3AD7FA6C5-X031-S08-L062-B1-T2-P076,ATAC,human,read1,read2,75,paired
LIHC-E4EEC6CC-FBEB-4FEA-8D51-FB07391A9D4A-X033-S05-L102-B1-T1-P070,ATAC,human,read1,read2,75,paired
LIHC-E4EEC6CC-FBEB-4FEA-8D51-FB07391A9D4A-X033-S05-L103-B1-T2-P071,ATAC,human,read1,read2,75,paired
LIHC-EA60FBEB-E9B9-4115-AC41-BEE17204C80C-X041-S01-L001-B1-T1-P084,ATAC,human,read1,read2,75,paired
LIHC-EA60FBEB-E9B9-4115-AC41-BEE17204C80C-X041-S01-L002-B1-T2-P086,ATAC,human,read1,read2,75,paired
LUAD-07B8C449-3062-436F-8274-4C27887BF8AB-X026-S01-L051-B1-T1-P064,ATAC,human,read1,read2,75,paired
LUAD-07B8C449-3062-436F-8274-4C27887BF8AB-X026-S01-L052-B1-T2-P066,ATAC,human,read1,read2,75,paired
LUAD-18545E4A-6285-4DB7-A52C-9E12075D6B89-X033-S04-L099-B1-T1-P074,ATAC,human,read1,read2,75,paired
LUAD-18B8C125-D05C-4AC1-A739-FCC610777B0F-X037-S01-L049-B1-T1-P088,ATAC,human,read1,read2,75,paired
LUAD-18B8C125-D05C-4AC1-A739-FCC610777B0F-X037-S01-L050-B1-T2-P089,ATAC,human,read1,read2,75,paired
LUAD-202446E0-6AF3-4F03-856A-0D60F466D2CE-X033-S08-L108-B1-T1-P080,ATAC,human,read1,read2,75,paired
LUAD-202446E0-6AF3-4F03-856A-0D60F466D2CE-X033-S08-L109-B1-T2-P081,ATAC,human,read1,read2,75,paired
LUAD-31981D14-6717-43C6-B0F3-4D477F637E6F-X036-S09-L041-B1-T1-P093,ATAC,human,read1,read2,75,paired
LUAD-31981D14-6717-43C6-B0F3-4D477F637E6F-X036-S09-L042-B1-T2-P095,ATAC,human,read1,read2,75,paired
LUAD-3AD9F8C2-688A-4795-8E69-9E6CC0A239A5-X042-S06-L034-B1-T1-P086,ATAC,human,read1,read2,75,paired
LUAD-3AD9F8C2-688A-4795-8E69-9E6CC0A239A5-X042-S06-L035-B1-T2-P087,ATAC,human,read1,read2,75,paired
LUAD-48A8548F-79B1-4013-A31C-B2BFDD33F634-X004-S02-L045-B1-T1-P001,ATAC,human,read1,read2,75,paired
LUAD-48A8548F-79B1-4013-A31C-B2BFDD33F634-X004-S02-L046-B1-T2-P001,ATAC,human,read1,read2,75,paired
LUAD-698EE8D8-3251-42DC-BB3B-FC3C046EC728-X002-S03-L005-B1-T1-P005,ATAC,human,read1,read2,75,paired
LUAD-6C75D43E-820A-490B-8BBA-8D3DCF19ACE5-X039-S12-L119-B1-T1-P100,ATAC,human,read1,read2,75,paired
LUAD-6C75D43E-820A-490B-8BBA-8D3DCF19ACE5-X039-S12-L120-B1-T2-P091,ATAC,human,read1,read2,75,paired
LUAD-7EA1F51C-B63F-4445-9BF2-62E7BA22D95A-X029-S03-L005-B1-T1-P080,ATAC,human,read1,read2,75,paired
LUAD-7EA1F51C-B63F-4445-9BF2-62E7BA22D95A-X029-S03-L006-B1-T2-P078,ATAC,human,read1,read2,75,paired
LUAD-84B38240-83D1-4303-89B6-FD624E2F8EB8-X035-S05-L009-B1-T1-P093,ATAC,human,read1,read2,75,paired
LUAD-84B38240-83D1-4303-89B6-FD624E2F8EB8-X035-S05-L010-B1-T2-P098,ATAC,human,read1,read2,75,paired
LUAD-8B7E9FCA-C6CF-45A8-8A9B-646198BB6495-X032-S03-L074-B1-T1-P070,ATAC,human,read1,read2,75,paired
LUAD-8B7E9FCA-C6CF-45A8-8A9B-646198BB6495-X032-S03-L075-B1-T2-P082,ATAC,human,read1,read2,75,paired
LUAD-8DD2E6E7-E560-47C9-8967-7F376B260524-X002-S02-L004-B1-T2-P005,ATAC,human,read1,read2,75,paired
LUAD-9B9C5C6D-1755-41CD-9BC1-BFBC5D383DE0-X001-S02-L003-B1-T1-P004,ATAC,human,read1,read2,75,paired
LUAD-9B9C5C6D-1755-41CD-9BC1-BFBC5D383DE0-X001-S02-L004-B1-T2-P004,ATAC,human,read1,read2,75,paired
LUAD-A1ABC0B2-D7F8-45B5-B431-AE23B19B8DED-X031-S05-L056-B1-T1-P075,ATAC,human,read1,read2,75,paired
LUAD-A1ABC0B2-D7F8-45B5-B431-AE23B19B8DED-X031-S05-L057-B1-T2-P071,ATAC,human,read1,read2,75,paired
LUAD-CA6F245B-30E0-48DE-AB15-23736E21D312-X028-S01-L101-B1-T1-P060,ATAC,human,read1,read2,75,paired
LUAD-CA6F245B-30E0-48DE-AB15-23736E21D312-X028-S01-L102-B1-T2-P059,ATAC,human,read1,read2,75,paired
LUAD-DFDCD538-5828-437C-A2DA-E0FA86DF1577-X004-S01-L043-B1-T1-P001,ATAC,human,read1,read2,75,paired
LUAD-DFDCD538-5828-437C-A2DA-E0FA86DF1577-X004-S01-L044-B1-T2-P001,ATAC,human,read1,read2,75,paired
LUAD-E25DF7DA-5F44-4BA5-9352-C2012B2AC18B-X038-S11-L093-B1-T1-P095,ATAC,human,read1,read2,75,paired
LUAD-E25DF7DA-5F44-4BA5-9352-C2012B2AC18B-X038-S11-L094-B1-T2-P094,ATAC,human,read1,read2,75,paired
LUAD-EBFDB93D-ABF0-44F5-B682-1F330405F9E9-X003-S02-L021-B1-T1-P003,ATAC,human,read1,read2,75,paired
LUAD-EBFDB93D-ABF0-44F5-B682-1F330405F9E9-X003-S02-L022-B1-T2-P003,ATAC,human,read1,read2,75,paired
LUAD-ECBD63B4-2B0B-4E3C-A25D-A3580CEAF276-X040-S01-L121-B1-T1-P101,ATAC,human,read1,read2,75,paired
LUAD-ECBD63B4-2B0B-4E3C-A25D-A3580CEAF276-X040-S01-L122-B1-T2-P102,ATAC,human,read1,read2,75,paired
LUAD-F2B26D56-4853-423E-AC90-9DB4AD7CE9EE-X030-S03-L029-B1-T1-P079,ATAC,human,read1,read2,75,paired
LUAD-F2B26D56-4853-423E-AC90-9DB4AD7CE9EE-X030-S03-L030-B1-T2-P072,ATAC,human,read1,read2,75,paired
LUSC-19B5174F-A29F-4022-8BF8-025685B32CB8-X034-S01-L118-B1-T1-P072,ATAC,human,read1,read2,75,paired
LUSC-19B5174F-A29F-4022-8BF8-025685B32CB8-X034-S01-L119-B1-T2-P082,ATAC,human,read1,read2,75,paired
LUSC-3453F6D2-352F-41E1-8307-382F1A2249CF-X030-S10-L043-B1-T1-P070,ATAC,human,read1,read2,75,paired
LUSC-3453F6D2-352F-41E1-8307-382F1A2249CF-X030-S10-L044-B1-T2-P072,ATAC,human,read1,read2,75,paired
LUSC-3780DC14-9D74-4BE6-9B91-D425244D1653-X028-S09-L116-B1-T1-P065,ATAC,human,read1,read2,75,paired
LUSC-3780DC14-9D74-4BE6-9B91-D425244D1653-X028-S09-L117-B1-T2-P059,ATAC,human,read1,read2,75,paired
LUSC-37DBAF18-D34C-40CE-AB6B-F9C136FE6271-X036-S02-L027-B1-T1-P090,ATAC,human,read1,read2,75,paired
LUSC-37DBAF18-D34C-40CE-AB6B-F9C136FE6271-X036-S02-L028-B1-T2-P091,ATAC,human,read1,read2,75,paired
LUSC-3AD1EA06-AA53-4C53-B436-4417FA2B8A0E-X031-S10-L064-B1-T1-P081,ATAC,human,read1,read2,75,paired
LUSC-3AD1EA06-AA53-4C53-B436-4417FA2B8A0E-X031-S10-L065-B1-T2-P082,ATAC,human,read1,read2,75,paired
LUSC-3E7D3CAA-ABD3-433A-8A2D-E301AF1AC735-X035-S04-L007-B1-T1-P100,ATAC,human,read1,read2,75,paired
LUSC-3E7D3CAA-ABD3-433A-8A2D-E301AF1AC735-X035-S04-L008-B1-T2-P097,ATAC,human,read1,read2,75,paired
LUSC-4F3028BD-96C0-4207-B1CC-6EFC91D9125D-X041-S10-L019-B1-T1-P085,ATAC,human,read1,read2,75,paired
LUSC-4F3028BD-96C0-4207-B1CC-6EFC91D9125D-X041-S10-L020-B1-T2-P086,ATAC,human,read1,read2,75,paired
LUSC-5AC6ED60-B4C0-42C1-BAB1-A173859818AE-X025-S04-L033-B1-T1-P061,ATAC,human,read1,read2,75,paired
LUSC-5AC6ED60-B4C0-42C1-BAB1-A173859818AE-X025-S04-L034-B1-T2-P066,ATAC,human,read1,read2,75,paired
LUSC-67CCECB1-91AF-4986-B16B-75803C469F29-X038-S06-L083-B1-T1-P094,ATAC,human,read1,read2,75,paired
LUSC-67CCECB1-91AF-4986-B16B-75803C469F29-X038-S06-L084-B1-T2-P092,ATAC,human,read1,read2,75,paired
LUSC-8C8D4BD8-7F67-421F-BAB4-21D157B4F4AA-X032-S08-L084-B1-T1-P073,ATAC,human,read1,read2,75,paired
LUSC-A81EDD99-26C1-4F2D-A67D-86E945AC532B-X037-S05-L057-B1-T1-P087,ATAC,human,read1,read2,75,paired
LUSC-A81EDD99-26C1-4F2D-A67D-86E945AC532B-X037-S05-L058-B1-T2-P097,ATAC,human,read1,read2,75,paired
LUSC-A834F34C-1FA7-45E9-B9A6-F6AC7D663F87-X027-S02-L079-B1-T1-P069,ATAC,human,read1,read2,75,paired
LUSC-A834F34C-1FA7-45E9-B9A6-F6AC7D663F87-X027-S02-L080-B1-T2-P063,ATAC,human,read1,read2,75,paired
LUSC-BC1759C1-171F-4663-83C6-52AC28059A9B-X040-S06-L130-B1-T1-P101,ATAC,human,read1,read2,75,paired
LUSC-BC1759C1-171F-4663-83C6-52AC28059A9B-X040-S06-L131-B1-T2-P103,ATAC,human,read1,read2,75,paired
LUSC-E6A5E1D5-E23C-4C9E-A4E8-5A399AD0660E-X024-S06-L013-B1-T1-P068,ATAC,human,read1,read2,75,paired
LUSC-E6A5E1D5-E23C-4C9E-A4E8-5A399AD0660E-X024-S06-L014-B1-T2-P060,ATAC,human,read1,read2,75,paired
LUSC-E6E5C1B0-56E7-4EF7-A54C-CFFF60873272-X039-S07-L109-B1-T1-P102,ATAC,human,read1,read2,75,paired
LUSC-E6E5C1B0-56E7-4EF7-A54C-CFFF60873272-X039-S07-L110-B1-T2-P098,ATAC,human,read1,read2,75,paired
LUSC-F57C391B-F43A-4E31-B666-4C2329037C06-X039-S11-L118-B1-T2-P098,ATAC,human,read1,read2,75,paired
MESO-1BB791A0-A0DD-407E-9CF7-C1057DAB6589-X032-S05-L078-B1-T1-P082,ATAC,human,read1,read2,75,paired
MESO-1BB791A0-A0DD-407E-9CF7-C1057DAB6589-X032-S05-L079-B1-T2-P081,ATAC,human,read1,read2,75,paired
MESO-1C3AE5C2-83C6-49F9-A008-9202D4788E07-X033-S01-L094-B1-T1-P076,ATAC,human,read1,read2,75,paired
MESO-1C3AE5C2-83C6-49F9-A008-9202D4788E07-X033-S01-L095-B1-T2-P079,ATAC,human,read1,read2,75,paired
MESO-2470AFE9-83F2-4F12-BE76-F26F4BA6B974-X035-S01-L001-B1-T1-P100,ATAC,human,read1,read2,75,paired
MESO-2470AFE9-83F2-4F12-BE76-F26F4BA6B974-X035-S01-L002-B1-T2-P096,ATAC,human,read1,read2,75,paired
MESO-4D0379C7-08E5-4F3D-852A-7F0454C6E192-X030-S11-L045-B1-T1-P074,ATAC,human,read1,read2,75,paired
MESO-4D0379C7-08E5-4F3D-852A-7F0454C6E192-X030-S11-L046-B1-T2-P076,ATAC,human,read1,read2,75,paired
MESO-E74BDC00-E094-44E8-9F4A-EB4038306740-X036-S10-L043-B1-T1-P096,ATAC,human,read1,read2,75,paired
MESO-E74BDC00-E094-44E8-9F4A-EB4038306740-X036-S10-L044-B1-T2-P092,ATAC,human,read1,read2,75,paired
MESO-F3321D8C-8D46-4877-A9A9-6B4DDA86E2A0-X040-S12-L143-B1-T2-P104,ATAC,human,read1,read2,75,paired
PCPG-007124EC-1F9B-4FCB-BC6E-DB8C25FD9146-X033-S03-L098-B1-T1-P073,ATAC,human,read1,read2,75,paired
PCPG-007124EC-1F9B-4FCB-BC6E-DB8C25FD9146-X033-S03-L100-B1-T2-P077,ATAC,human,read1,read2,75,paired
PCPG-172D2D46-36AD-49CF-A4CB-BCE28B8CDA13-X026-S12-L075-B1-T1-P066,ATAC,human,read1,read2,75,paired
PCPG-172D2D46-36AD-49CF-A4CB-BCE28B8CDA13-X026-S12-L076-B1-T2-P069,ATAC,human,read1,read2,75,paired
PCPG-3D543A8C-2366-4C7D-B8C2-2438E7B2A13F-X038-S04-L079-B1-T1-P093,ATAC,human,read1,read2,75,paired
PCPG-3D543A8C-2366-4C7D-B8C2-2438E7B2A13F-X038-S04-L080-B1-T2-P090,ATAC,human,read1,read2,75,paired
PCPG-6E12D868-CE35-491E-8811-263F1537B7FD-X036-S12-L047-B1-T1-P090,ATAC,human,read1,read2,75,paired
PCPG-6E12D868-CE35-491E-8811-263F1537B7FD-X036-S12-L048-B1-T2-P091,ATAC,human,read1,read2,75,paired
PCPG-76EE6592-FC58-4EBA-8E1E-6B5B937A4D9B-X029-S01-L001-B1-T1-P078,ATAC,human,read1,read2,75,paired
PCPG-76EE6592-FC58-4EBA-8E1E-6B5B937A4D9B-X029-S01-L002-B1-T2-P074,ATAC,human,read1,read2,75,paired
PCPG-BC53E760-C528-4E00-95C4-B58EC4745512-X040-S08-L134-B1-T1-P103,ATAC,human,read1,read2,75,paired
PCPG-BC53E760-C528-4E00-95C4-B58EC4745512-X040-S08-L135-B1-T2-P104,ATAC,human,read1,read2,75,paired
PCPG-BF252877-E0B6-4B37-B080-3F4C0BCBDFF6-X028-S03-L105-B1-T1-P063,ATAC,human,read1,read2,75,paired
PCPG-BF252877-E0B6-4B37-B080-3F4C0BCBDFF6-X028-S03-L106-B1-T2-P062,ATAC,human,read1,read2,75,paired
PCPG-F29BD6FA-566B-4459-97F8-9C4BDEABEC3E-X032-S10-L088-B1-T1-P105,ATAC,human,read1,read2,75,paired
PCPG-F29BD6FA-566B-4459-97F8-9C4BDEABEC3E-X032-S10-L089-B1-T2-P082,ATAC,human,read1,read2,75,paired
PRAD-178E3984-9A7E-4683-8F3E-AB3814DD4880-X026-S10-L071-B1-T1-P064,ATAC,human,read1,read2,75,paired
PRAD-178E3984-9A7E-4683-8F3E-AB3814DD4880-X026-S10-L072-B1-T2-P066,ATAC,human,read1,read2,75,paired
PRAD-1D2771DB-CB6D-4012-BABC-5962CBDB2278-X040-S09-L136-B1-T1-P105,ATAC,human,read1,read2,75,paired
PRAD-1D2771DB-CB6D-4012-BABC-5962CBDB2278-X040-S09-L137-B1-T2-P103,ATAC,human,read1,read2,75,paired
PRAD-1FB2E3C9-F5E7-4164-BB70-2272B373473A-X037-S12-L071-B1-T1-P097,ATAC,human,read1,read2,75,paired
PRAD-1FB2E3C9-F5E7-4164-BB70-2272B373473A-X037-S12-L072-B1-T2-P090,ATAC,human,read1,read2,75,paired
PRAD-24ED77D1-86DE-4B0A-A993-33D647818D84-X032-S04-L076-B1-T1-P083,ATAC,human,read1,read2,75,paired
PRAD-24ED77D1-86DE-4B0A-A993-33D647818D84-X032-S04-L077-B1-T2-P081,ATAC,human,read1,read2,75,paired
PRAD-26CBC4A0-77A9-4574-9D1E-10315A31BED7-X029-S07-L013-B1-T1-P076,ATAC,human,read1,read2,75,paired
PRAD-26CBC4A0-77A9-4574-9D1E-10315A31BED7-X029-S07-L014-B1-T2-P073,ATAC,human,read1,read2,75,paired
PRAD-39BCC794-CD38-4D22-8DC8-EF19373B53A3-X034-S06-L127-B1-T1-P075,ATAC,human,read1,read2,75,paired
PRAD-39BCC794-CD38-4D22-8DC8-EF19373B53A3-X034-S06-L128-B1-T2-P072,ATAC,human,read1,read2,75,paired
PRAD-3C129F3A-8168-47D9-8D38-8959B788B123-X034-S03-L122-B1-T1-P083,ATAC,human,read1,read2,75,paired
PRAD-3C129F3A-8168-47D9-8D38-8959B788B123-X034-S03-L123-B1-T2-P076,ATAC,human,read1,read2,75,paired
PRAD-49BC4035-EB29-4AFE-838F-271AC1B3D2BC-X042-S01-L024-B1-T1-P084,ATAC,human,read1,read2,75,paired
PRAD-49BC4035-EB29-4AFE-838F-271AC1B3D2BC-X042-S01-L025-B1-T2-P086,ATAC,human,read1,read2,75,paired
PRAD-4B159A90-F1FF-4FC4-8271-5AF6072F7EE4-X029-S12-L023-B1-T1-P078,ATAC,human,read1,read2,75,paired
PRAD-4B159A90-F1FF-4FC4-8271-5AF6072F7EE4-X029-S12-L024-B1-T2-P073,ATAC,human,read1,read2,75,paired
PRAD-4EB4F860-74BC-4A05-95A9-F97827BDA17C-X041-S03-L005-B1-T1-P085,ATAC,human,read1,read2,75,paired
PRAD-4EB4F860-74BC-4A05-95A9-F97827BDA17C-X041-S03-L006-B1-T2-P086,ATAC,human,read1,read2,75,paired
PRAD-53DF2155-A6B0-46AC-A21B-288784A53914-X038-S01-L073-B1-T1-P097,ATAC,human,read1,read2,75,paired
PRAD-53DF2155-A6B0-46AC-A21B-288784A53914-X038-S01-L074-B1-T2-P095,ATAC,human,read1,read2,75,paired
PRAD-61B4E703-CEB4-4117-9977-134941FD583F-X025-S08-L041-B1-T1-P067,ATAC,human,read1,read2,75,paired
PRAD-61B4E703-CEB4-4117-9977-134941FD583F-X025-S08-L042-B1-T2-P065,ATAC,human,read1,read2,75,paired
PRAD-6FF51A3D-B6AE-46F8-9A71-15AE21CF8C31-X031-S02-L050-B1-T1-P074,ATAC,human,read1,read2,75,paired
PRAD-6FF51A3D-B6AE-46F8-9A71-15AE21CF8C31-X031-S02-L051-B1-T2-P073,ATAC,human,read1,read2,75,paired
PRAD-7CE08E8F-38F0-4FE5-9446-865E105997E1-X036-S07-L037-B1-T1-P098,ATAC,human,read1,read2,75,paired
PRAD-7CE08E8F-38F0-4FE5-9446-865E105997E1-X036-S07-L038-B1-T2-P092,ATAC,human,read1,read2,75,paired
PRAD-8D256ADA-92B7-437E-8D09-4791A113D7C1-X024-S03-L007-B1-T1-P061,ATAC,human,read1,read2,75,paired
PRAD-8D256ADA-92B7-437E-8D09-4791A113D7C1-X024-S03-L008-B1-T2-P069,ATAC,human,read1,read2,75,paired
PRAD-90DF4FA1-85C0-4320-ADC5-9AFBAB6992D5-X038-S12-L095-B1-T1-P092,ATAC,human,read1,read2,75,paired
PRAD-90DF4FA1-85C0-4320-ADC5-9AFBAB6992D5-X038-S12-L096-B1-T2-P093,ATAC,human,read1,read2,75,paired
PRAD-A46AA022-8396-4DBE-9DB0-EF5D4D13EBFB-X040-S10-L138-B1-T1-P103,ATAC,human,read1,read2,75,paired
PRAD-A46AA022-8396-4DBE-9DB0-EF5D4D13EBFB-X040-S10-L139-B1-T2-P104,ATAC,human,read1,read2,75,paired
PRAD-B06E11EC-7D3E-4BFC-9D3F-33877A4D9E66-X028-S10-L118-B1-T1-P062,ATAC,human,read1,read2,75,paired
PRAD-B06E11EC-7D3E-4BFC-9D3F-33877A4D9E66-X028-S10-L119-B1-T2-P060,ATAC,human,read1,read2,75,paired
PRAD-BDFE10D1-4C84-446B-B962-20985B57AE5D-X033-S11-L114-B1-T1-P079,ATAC,human,read1,read2,75,paired
PRAD-BDFE10D1-4C84-446B-B962-20985B57AE5D-X033-S11-L115-B1-T2-P073,ATAC,human,read1,read2,75,paired
PRAD-C276D64C-147B-4F15-A27E-A8068FB06146-X025-S09-L043-B1-T1-P068,ATAC,human,read1,read2,75,paired
PRAD-C276D64C-147B-4F15-A27E-A8068FB06146-X025-S09-L044-B1-T2-P066,ATAC,human,read1,read2,75,paired
PRAD-C28DF709-212E-4835-AD1E-234A05480083-X035-S08-L015-B1-T1-P091,ATAC,human,read1,read2,75,paired
PRAD-C28DF709-212E-4835-AD1E-234A05480083-X035-S08-L016-B1-T2-P094,ATAC,human,read1,read2,75,paired
PRAD-C4C5514D-2C9F-412B-AB0F-7286EA248D0A-X030-S07-L037-B1-T1-P073,ATAC,human,read1,read2,75,paired
PRAD-C4C5514D-2C9F-412B-AB0F-7286EA248D0A-X030-S07-L038-B1-T2-P072,ATAC,human,read1,read2,75,paired
PRAD-C52513D1-8E67-419B-BC8F-D719459735F9-X030-S08-L039-B1-T1-P079,ATAC,human,read1,read2,75,paired
PRAD-C52513D1-8E67-419B-BC8F-D719459735F9-X030-S08-L040-B1-T2-P080,ATAC,human,read1,read2,75,paired
PRAD-F160CE71-20EB-48FB-B28D-C7BA4E926F0B-X039-S06-L107-B1-T1-P096,ATAC,human,read1,read2,75,paired
PRAD-F160CE71-20EB-48FB-B28D-C7BA4E926F0B-X039-S06-L108-B1-T2-P097,ATAC,human,read1,read2,75,paired
PRAD-FE4D9D9C-7794-4E71-B168-469AE41B08E6-X033-S09-L110-B1-T1-P080,ATAC,human,read1,read2,75,paired
PRAD-FE4D9D9C-7794-4E71-B168-469AE41B08E6-X033-S09-L111-B1-T2-P079,ATAC,human,read1,read2,75,paired
PRAD-FFB6C615-9A10-4E15-A662-EE808FDE451E-X031-S12-L068-B1-T1-P075,ATAC,human,read1,read2,75,paired
PRAD-FFB6C615-9A10-4E15-A662-EE808FDE451E-X031-S12-L069-B1-T2-P071,ATAC,human,read1,read2,75,paired
SKCM-0852FA43-7577-4456-8033-9A9156A7B258-X032-S12-L092-B1-T1-P070,ATAC,human,read1,read2,75,paired
SKCM-0852FA43-7577-4456-8033-9A9156A7B258-X032-S12-L093-B1-T2-P083,ATAC,human,read1,read2,75,paired
SKCM-211D9CF4-3348-4DCD-8A01-6827435DDB3D-X029-S10-L019-B1-T1-P072,ATAC,human,read1,read2,75,paired
SKCM-211D9CF4-3348-4DCD-8A01-6827435DDB3D-X029-S10-L020-B1-T2-P077,ATAC,human,read1,read2,75,paired
SKCM-398F831B-A6C7-40D9-9EC4-16CECA35AEA2-X039-S02-L099-B1-T1-P088,ATAC,human,read1,read2,75,paired
SKCM-398F831B-A6C7-40D9-9EC4-16CECA35AEA2-X039-S02-L100-B1-T2-P089,ATAC,human,read1,read2,75,paired
SKCM-4EDE1486-22DD-4DB9-8CB1-B4A058E459D1-X035-S10-L019-B1-T1-P095,ATAC,human,read1,read2,75,paired
SKCM-79ECCC2A-6352-43BB-AF79-FABC426586EB-X040-S05-L129-B1-T1-P101,ATAC,human,read1,read2,75,paired
SKCM-8F708E04-2936-4E85-85C2-D1431003898B-X025-S11-L047-B1-T1-P062,ATAC,human,read1,read2,75,paired
SKCM-8F708E04-2936-4E85-85C2-D1431003898B-X025-S11-L048-B1-T2-P065,ATAC,human,read1,read2,75,paired
SKCM-ADDDF130-3C88-413F-9C74-2EA68EA26E0C-X030-S05-L033-B1-T1-P075,ATAC,human,read1,read2,75,paired
SKCM-ADDDF130-3C88-413F-9C74-2EA68EA26E0C-X030-S05-L034-B1-T2-P077,ATAC,human,read1,read2,75,paired
SKCM-E6A09E0C-BC0B-4F10-92FA-5B6826A4F336-X024-S11-L023-B1-T1-P060,ATAC,human,read1,read2,75,paired
SKCM-E6A09E0C-BC0B-4F10-92FA-5B6826A4F336-X024-S11-L024-B1-T2-P061,ATAC,human,read1,read2,75,paired
SKCM-F05B8E69-5AD9-4FCF-8980-1307F35BD173-X026-S09-L069-B1-T1-P062,ATAC,human,read1,read2,75,paired
SKCM-F15664E6-AE19-4B59-971A-8FC8E05CF921-X037-S11-L069-B1-T1-P106,ATAC,human,read1,read2,75,paired
SKCM-F15664E6-AE19-4B59-971A-8FC8E05CF921-X037-S11-L070-B1-T2-P094,ATAC,human,read1,read2,75,paired
SKCM-F318F3E5-E6BE-4CBB-977A-ABE202DCE9EA-X033-S10-L112-B1-T1-P078,ATAC,human,read1,read2,75,paired
SKCM-F318F3E5-E6BE-4CBB-977A-ABE202DCE9EA-X033-S10-L113-B1-T2-P074,ATAC,human,read1,read2,75,paired
SKCM-FDA487D2-5293-4315-9212-3836856CCFFB-X041-S04-L007-B1-T1-P084,ATAC,human,read1,read2,75,paired
SKCM-FDA487D2-5293-4315-9212-3836856CCFFB-X041-S04-L008-B1-T2-P085,ATAC,human,read1,read2,75,paired
SKCM-FE986D7E-FB8B-4B58-A50C-CAED05FFCAA5-X038-S10-L091-B1-T1-P097,ATAC,human,read1,read2,75,paired
SKCM-FE986D7E-FB8B-4B58-A50C-CAED05FFCAA5-X038-S10-L092-B1-T2-P095,ATAC,human,read1,read2,75,paired
STAD-00DFAA4D-DE64-4476-9546-18E728653046-X029-S06-L011-B1-T1-P072,ATAC,human,read1,read2,75,paired
STAD-00DFAA4D-DE64-4476-9546-18E728653046-X029-S06-L012-B1-T2-P077,ATAC,human,read1,read2,75,paired
STAD-0215A386-9440-452B-9832-B64A80AA8898-X030-S04-L031-B1-T1-P080,ATAC,human,read1,read2,75,paired
STAD-0215A386-9440-452B-9832-B64A80AA8898-X030-S04-L032-B1-T2-P081,ATAC,human,read1,read2,75,paired
STAD-074F7FDD-B91D-4302-8248-B3FAA12A2451-X031-S11-L066-B1-T1-P076,ATAC,human,read1,read2,75,paired
STAD-074F7FDD-B91D-4302-8248-B3FAA12A2451-X031-S11-L067-B1-T2-P071,ATAC,human,read1,read2,75,paired
STAD-1648A422-0188-460C-B462-BEA69640D682-X025-S07-L039-B1-T1-P065,ATAC,human,read1,read2,75,paired
STAD-1648A422-0188-460C-B462-BEA69640D682-X025-S07-L040-B1-T2-P068,ATAC,human,read1,read2,75,paired
STAD-2A8C4C35-D8EA-4423-9ECA-D0612BC1C647-X036-S11-L045-B1-T1-P092,ATAC,human,read1,read2,75,paired
STAD-2A8C4C35-D8EA-4423-9ECA-D0612BC1C647-X036-S11-L046-B1-T2-P099,ATAC,human,read1,read2,75,paired
STAD-2C565D47-79DA-4384-81CE-545B01C56A16-X038-S08-L087-B1-T1-P095,ATAC,human,read1,read2,75,paired
STAD-2C565D47-79DA-4384-81CE-545B01C56A16-X038-S08-L088-B1-T2-P096,ATAC,human,read1,read2,75,paired
STAD-2DE93632-B991-41E8-905F-E901C64949A4-X026-S07-L065-B1-T1-P067,ATAC,human,read1,read2,75,paired
STAD-2DE93632-B991-41E8-905F-E901C64949A4-X026-S07-L066-B1-T2-P068,ATAC,human,read1,read2,75,paired
STAD-3391F99D-E7C9-4AE9-B5F9-2701555DC3A4-X024-S08-L017-B1-T1-P059,ATAC,human,read1,read2,75,paired
STAD-3391F99D-E7C9-4AE9-B5F9-2701555DC3A4-X024-S08-L018-B1-T2-P062,ATAC,human,read1,read2,75,paired
STAD-78ACDA82-EAB2-4188-9631-A23425981D92-X028-S05-L109-B1-T1-P068,ATAC,human,read1,read2,75,paired
STAD-78ACDA82-EAB2-4188-9631-A23425981D92-X028-S05-L110-B1-T2-P061,ATAC,human,read1,read2,75,paired
STAD-8246817A-8A76-4010-AFE7-991C772B2B77-X039-S10-L115-B1-T1-P101,ATAC,human,read1,read2,75,paired
STAD-8246817A-8A76-4010-AFE7-991C772B2B77-X039-S10-L116-B1-T2-P099,ATAC,human,read1,read2,75,paired
STAD-91C7155F-8187-4688-BEAB-C4179C786667-X029-S08-L015-B1-T1-P081,ATAC,human,read1,read2,75,paired
STAD-91C7155F-8187-4688-BEAB-C4179C786667-X029-S08-L016-B1-T2-P074,ATAC,human,read1,read2,75,paired
STAD-96AC922D-69D3-4297-BCF5-7B37B160078B-X035-S12-L023-B1-T1-P098,ATAC,human,read1,read2,75,paired
STAD-96AC922D-69D3-4297-BCF5-7B37B160078B-X035-S12-L024-B1-T2-P093,ATAC,human,read1,read2,75,paired
STAD-BAB7D0D7-4F14-4ED4-B8E4-B9E760F57246-X041-S02-L003-B1-T1-P084,ATAC,human,read1,read2,75,paired
STAD-BAB7D0D7-4F14-4ED4-B8E4-B9E760F57246-X041-S02-L004-B1-T2-P085,ATAC,human,read1,read2,75,paired
STAD-BBB7AC74-B4E3-482C-BFA5-86555CE18654-X027-S08-L091-B1-T1-P064,ATAC,human,read1,read2,75,paired
STAD-BBB7AC74-B4E3-482C-BFA5-86555CE18654-X027-S08-L092-B1-T2-P068,ATAC,human,read1,read2,75,paired
STAD-C23BE39C-3C24-4DB8-B26D-CE6629CF02EC-X042-S05-L033-B1-T2-P085,ATAC,human,read1,read2,75,paired
STAD-C6252D6A-38B3-4A09-9B2F-185F8FB36EBE-X037-S02-L051-B1-T1-P091,ATAC,human,read1,read2,75,paired
STAD-C6252D6A-38B3-4A09-9B2F-185F8FB36EBE-X037-S02-L052-B1-T2-P092,ATAC,human,read1,read2,75,paired
STAD-CEF81A6C-B09A-4698-BC93-DC029B9CA17A-X028-S06-L111-B1-T1-P065,ATAC,human,read1,read2,75,paired
STAD-D1C43A87-4C70-4AE9-9023-880A46E79F21-X037-S09-L066-B1-T2-P088,ATAC,human,read1,read2,75,paired
STAD-D8BEB0DD-C346-4C1D-8A5F-6E669453AE6D-X027-S09-L093-B1-T1-P067,ATAC,human,read1,read2,75,paired
STAD-E07AAE91-7A4F-4FDC-9D67-4FA1D4E6DD89-X024-S05-L011-B1-T1-P061,ATAC,human,read1,read2,75,paired
STAD-E07AAE91-7A4F-4FDC-9D67-4FA1D4E6DD89-X024-S05-L012-B1-T2-P069,ATAC,human,read1,read2,75,paired
STAD-EA9A5DB6-348F-41C4-ACCC-5717653ABD74-X032-S06-L080-B1-T1-P080,ATAC,human,read1,read2,75,paired
STAD-EA9A5DB6-348F-41C4-ACCC-5717653ABD74-X032-S06-L081-B1-T2-P083,ATAC,human,read1,read2,75,paired
TGCT-09E99DFE-D6FF-46DA-8DB4-AEEE237A6FE0-X028-S07-L112-B1-T1-P060,ATAC,human,read1,read2,75,paired
TGCT-09E99DFE-D6FF-46DA-8DB4-AEEE237A6FE0-X028-S07-L113-B1-T2-P061,ATAC,human,read1,read2,75,paired
TGCT-0A0512E8-AD96-4154-AAA2-3BDD67A279E9-X035-S11-L022-B1-T2-P090,ATAC,human,read1,read2,75,paired
TGCT-1577A485-E047-42CF-8703-42A69E1AED1A-X038-S09-L089-B1-T1-P090,ATAC,human,read1,read2,75,paired
TGCT-1733145A-1C7A-49A1-BCA7-7B72F7C8FFE7-X024-S09-L019-B1-T1-P060,ATAC,human,read1,read2,75,paired
TGCT-1733145A-1C7A-49A1-BCA7-7B72F7C8FFE7-X024-S09-L020-B1-T2-P062,ATAC,human,read1,read2,75,paired
TGCT-42AA9956-CB47-4A45-8B3E-BCA4A1560649-X025-S03-L031-B1-T1-P065,ATAC,human,read1,read2,75,paired
TGCT-42AA9956-CB47-4A45-8B3E-BCA4A1560649-X025-S03-L032-B1-T2-P061,ATAC,human,read1,read2,75,paired
TGCT-772E7A97-0B2F-4DE7-B44B-E233EA5ACA5C-X027-S05-L085-B1-T1-P067,ATAC,human,read1,read2,75,paired
TGCT-772E7A97-0B2F-4DE7-B44B-E233EA5ACA5C-X027-S05-L086-B1-T2-P069,ATAC,human,read1,read2,75,paired
TGCT-915BF6AB-D5A9-44A6-8913-DE735A3A32CA-X041-S09-L017-B1-T1-P084,ATAC,human,read1,read2,75,paired
TGCT-915BF6AB-D5A9-44A6-8913-DE735A3A32CA-X041-S09-L018-B1-T2-P085,ATAC,human,read1,read2,75,paired
TGCT-A3208F24-8F24-43B5-99C5-E4A3CA68026C-X026-S11-L073-B1-T1-P068,ATAC,human,read1,read2,75,paired
TGCT-A3208F24-8F24-43B5-99C5-E4A3CA68026C-X026-S11-L074-B1-T2-P066,ATAC,human,read1,read2,75,paired
TGCT-A6AB6BA9-2EE3-4919-B524-65C2F7B6A052-X034-S04-L124-B1-T1-P078,ATAC,human,read1,read2,75,paired
TGCT-A6AB6BA9-2EE3-4919-B524-65C2F7B6A052-X034-S04-L125-B1-T2-P079,ATAC,human,read1,read2,75,paired
THCA-073FEB53-ADC5-4B5B-8D4B-9D6692AE996F-X032-S11-L091-B1-T2-P083,ATAC,human,read1,read2,75,paired
THCA-2035B22F-A9D8-4608-8B54-5146EC5CE76B-X029-S05-L009-B1-T1-P071,ATAC,human,read1,read2,75,paired
THCA-2035B22F-A9D8-4608-8B54-5146EC5CE76B-X029-S05-L010-B1-T2-P078,ATAC,human,read1,read2,75,paired
THCA-3E77F455-8BCF-4C61-9B4D-E56EC829241A-X042-S08-L038-B1-T1-P086,ATAC,human,read1,read2,75,paired
THCA-4589BD8A-FCEA-4968-939B-4C3960C48AB1-X028-S08-L114-B1-T1-P067,ATAC,human,read1,read2,75,paired
THCA-4589BD8A-FCEA-4968-939B-4C3960C48AB1-X028-S08-L115-B1-T2-P063,ATAC,human,read1,read2,75,paired
THCA-5040673F-93A4-48BC-A015-D0DA9C69F0B4-X027-S07-L089-B1-T1-P065,ATAC,human,read1,read2,75,paired
THCA-5040673F-93A4-48BC-A015-D0DA9C69F0B4-X027-S07-L090-B1-T2-P064,ATAC,human,read1,read2,75,paired
THCA-5BD43F10-0990-41B4-AD7A-741949D128A0-X033-S02-L096-B1-T1-P083,ATAC,human,read1,read2,75,paired
THCA-5BD43F10-0990-41B4-AD7A-741949D128A0-X033-S02-L097-B1-T2-P075,ATAC,human,read1,read2,75,paired
THCA-8084B582-941C-4F46-B2E6-6B6AE35989FC-X035-S06-L011-B1-T1-P103,ATAC,human,read1,read2,75,paired
THCA-8084B582-941C-4F46-B2E6-6B6AE35989FC-X035-S06-L012-B1-T2-P095,ATAC,human,read1,read2,75,paired
THCA-8681469D-66FB-4E67-9AD9-BEAE596F7BF5-X041-S06-L011-B1-T1-P085,ATAC,human,read1,read2,75,paired
THCA-8681469D-66FB-4E67-9AD9-BEAE596F7BF5-X041-S06-L012-B1-T2-P117,ATAC,human,read1,read2,75,paired
THCA-ABF4154C-FACF-4711-AAC7-35C560F39BC2-X024-S10-L021-B1-T1-P063,ATAC,human,read1,read2,75,paired
THCA-ABF4154C-FACF-4711-AAC7-35C560F39BC2-X024-S10-L022-B1-T2-P064,ATAC,human,read1,read2,75,paired
THCA-BC2421A1-70FD-4F62-8E12-956AE8472E0C-X036-S03-L029-B1-T1-P090,ATAC,human,read1,read2,75,paired
THCA-BC2421A1-70FD-4F62-8E12-956AE8472E0C-X036-S03-L030-B1-T2-P097,ATAC,human,read1,read2,75,paired
THCA-C28B747E-CFB2-4ED4-9821-9964A342DAA6-X026-S04-L059-B1-T3-P061,ATAC,human,read1,read2,75,paired
THCA-C28B747E-CFB2-4ED4-9821-9964A342DAA6-X026-S04-L060-B1-T4-P063,ATAC,human,read1,read2,75,paired
THCA-DDA40F94-13CA-4BE0-9DB1-D7F14AC9EACA-X030-S09-L041-B1-T1-P070,ATAC,human,read1,read2,75,paired
THCA-DDA40F94-13CA-4BE0-9DB1-D7F14AC9EACA-X030-S09-L042-B1-T2-P071,ATAC,human,read1,read2,75,paired
THCA-EB01542B-2A13-4D7B-82A9-CE37B2D54BA3-X031-S03-L052-B1-T1-P077,ATAC,human,read1,read2,75,paired
THCA-EB01542B-2A13-4D7B-82A9-CE37B2D54BA3-X031-S03-L053-B1-T2-P071,ATAC,human,read1,read2,75,paired
THCA-F8168297-C181-408B-8F2F-1F7AB849F1C5-X025-S10-L045-B1-T1-P064,ATAC,human,read1,read2,75,paired
UCEC-1D6B31A2-8276-4ADB-BAD3-1659E7AE8C15-X032-S01-L070-B1-T1-P075,ATAC,human,read1,read2,75,paired
UCEC-1D6B31A2-8276-4ADB-BAD3-1659E7AE8C15-X032-S01-L071-B1-T2-P071,ATAC,human,read1,read2,75,paired
UCEC-29305CFF-69CB-4F68-8FA8-F1D9D7F605B9-X035-S07-L013-B1-T1-P098,ATAC,human,read1,read2,75,paired
UCEC-29305CFF-69CB-4F68-8FA8-F1D9D7F605B9-X035-S07-L014-B1-T2-P099,ATAC,human,read1,read2,75,paired
UCEC-392EE08A-B49B-4257-BCBC-B3038B7174A8-X041-S11-L021-B1-T1-P084,ATAC,human,read1,read2,75,paired
UCEC-417CDB67-1DB1-4399-8591-C4600D65C14C-X026-S05-L061-B1-T1-P069,ATAC,human,read1,read2,75,paired
UCEC-417CDB67-1DB1-4399-8591-C4600D65C14C-X026-S05-L062-B1-T2-P066,ATAC,human,read1,read2,75,paired
UCEC-4AC67ED1-07F8-4A27-97D3-7B8D693479AA-X024-S07-L015-B1-T1-P069,ATAC,human,read1,read2,75,paired
UCEC-4AC67ED1-07F8-4A27-97D3-7B8D693479AA-X024-S07-L016-B1-T2-P067,ATAC,human,read1,read2,75,paired
UCEC-64E4DFBF-7859-4FE4-AC05-E6B4995C868C-X036-S05-L033-B1-T1-P087,ATAC,human,read1,read2,75,paired
UCEC-64E4DFBF-7859-4FE4-AC05-E6B4995C868C-X036-S05-L034-B1-T2-P092,ATAC,human,read1,read2,75,paired
UCEC-6732BA4A-065A-4EF6-81E1-6DB5CAD70C97-X042-S09-L041-B1-T2-P086,ATAC,human,read1,read2,75,paired
UCEC-939BD27B-C1F6-4C55-949E-511A1D916E28-X040-S04-L127-B1-T1-P098,ATAC,human,read1,read2,75,paired
UCEC-939BD27B-C1F6-4C55-949E-511A1D916E28-X040-S04-L128-B1-T2-P101,ATAC,human,read1,read2,75,paired
UCEC-9D108B12-D50E-4280-AA1A-219BF0E1856D-X031-S01-L049-B1-T1-P076,ATAC,human,read1,read2,75,paired
UCEC-BAD10669-0C6A-4B48-94B3-CAB6C3799360-X029-S09-L017-B1-T1-P082,ATAC,human,read1,read2,75,paired
UCEC-BAD10669-0C6A-4B48-94B3-CAB6C3799360-X029-S09-L018-B1-T2-P077,ATAC,human,read1,read2,75,paired
UCEC-BDFE8123-081E-49AF-930B-2371D8DEC261-X030-S01-L025-B1-T1-P080,ATAC,human,read1,read2,75,paired
UCEC-BDFE8123-081E-49AF-930B-2371D8DEC261-X030-S01-L026-B1-T2-P078,ATAC,human,read1,read2,75,paired
UCEC-C335297F-2D63-4973-9182-FA18C28E001E-X037-S04-L055-B1-T1-P088,ATAC,human,read1,read2,75,paired
UCEC-C335297F-2D63-4973-9182-FA18C28E001E-X037-S04-L056-B1-T2-P089,ATAC,human,read1,read2,75,paired
UCEC-D820B024-6B3B-4B5B-866E-F9A8139C270B-X039-S09-L113-B1-T1-P099,ATAC,human,read1,read2,75,paired
UCEC-D820B024-6B3B-4B5B-866E-F9A8139C270B-X039-S09-L114-B1-T2-P098,ATAC,human,read1,read2,75,paired
ACCx-025FE5F8-885E-433D-9018-7AE322A92285-X034-S09-L134-B1-T2-PMRG,ATAC,human,read1,read2,75,paired
ACCx-B6E6F014-A599-4A58-A7A5-1F748471D662-X013-S12-L071-B1-T2-PMRG,ATAC,human,read1,read2,75,paired
ACCx-B901534B-5E93-475A-91E7-B2DB7DFE98A5-X020-S02-L003-B1-T1-PMRG,ATAC,human,read1,read2,75,paired
ACCx-B901534B-5E93-475A-91E7-B2DB7DFE98A5-X020-S02-L004-B1-T2-PMRG,ATAC,human,read1,read2,75,paired
ACCx-FCE328BC-082C-4FC1-9F7E-500D07C78B9E-X035-S02-L003-B1-T1-PMRG,ATAC,human,read1,read2,75,paired
ACCx-FCE328BC-082C-4FC1-9F7E-500D07C78B9E-X035-S02-L004-B1-T2-PMRG,ATAC,human,read1,read2,75,paired
BLCA-6F874813-E05A-438A-A1CE-71B8A78C173E-X006-S09-L048-B1-T1-PMRG,ATAC,human,read1,read2,75,paired
BRCA-1FF8A889-24D2-4439-8BB4-C9AB39B7EE23-X005-S12-L029-B1-T2-PMRG,ATAC,human,read1,read2,75,paired
BRCA-257C1DDD-D646-4F59-BCEE-1403A58BBD80-X023-S06-L084-B1-T2-PMRG,ATAC,human,read1,read2,75,paired
BRCA-64BD3CE0-7385-461B-9870-AD6611DD886A-X014-S01-L001-B1-T1-PMRG,ATAC,human,read1,read2,75,paired
BRCA-6F22B7DA-85CA-4E9C-93A3-859878775DDB-X005-S06-L014-B1-T3-PMRG,ATAC,human,read1,read2,75,paired
BRCA-86DA5538-752C-4F30-A411-0970F65BD115-X012-S07-L037-B1-T1-PMRG,ATAC,human,read1,read2,75,paired
BRCA-EF17C882-9808-4676-9DFA-432D34290B33-X023-S15-L102-B1-T2-PMRG,ATAC,human,read1,read2,75,paired
COAD-2EB7D36F-5616-460C-91C9-6D0AEA893D97-X001-S04-L008-B1-T2-PMRG,ATAC,human,read1,read2,75,paired
COAD-542202A7-3D76-40F4-89CC-8DA386DCF48B-X007-S12-L079-B1-T1-PMRG,ATAC,human,read1,read2,75,paired
COAD-7E54C176-FB16-4492-9688-2BCD0F421E56-X004-S07-L053-B1-T1-PMRG,ATAC,human,read1,read2,75,paired
COAD-B5AE6F25-E2EA-412F-AC4C-E11EA47FC490-X007-S03-L060-B1-T1-PMRG,ATAC,human,read1,read2,75,paired
COAD-BA3E7A65-30AB-4ED9-BF52-ED8138164EB9-X007-S08-L070-B1-T2-PMRG,ATAC,human,read1,read2,75,paired
COAD-D0F82B03-939F-4445-AC8E-64C964402761-X007-S04-L062-B1-T1-PMRG,ATAC,human,read1,read2,75,paired
ESCA-3DB8158E-7924-4C46-91F3-BC9D279B82A6-X023-S11-L094-B1-T2-PMRG,ATAC,human,read1,read2,75,paired
ESCA-663192A1-DAE9-463A-A3E4-C4E7EDBD5734-X006-S02-L033-B1-T2-PMRG,ATAC,human,read1,read2,75,paired
ESCA-81D32E9D-3A4E-466E-B7B3-4D0FD8822CB4-X005-S05-L009-B1-T2-PMRG,ATAC,human,read1,read2,75,paired
ESCA-8CD2B7FE-9FFB-4EA3-B17F-098AFE0CDA2A-X005-S10-L023-B1-T2-PMRG,ATAC,human,read1,read2,75,paired
KIRC-0BCD21B9-CB40-447A-A948-1E81C1639D73-X004-S11-L060-B1-T1-PMRG,ATAC,human,read1,read2,75,paired
KIRC-97AE56C6-2AA5-4B27-977E-204C9A68FB9C-X013-S02-L052-B1-T2-PMRG,ATAC,human,read1,read2,75,paired
KIRP-5C0BAEF0-C8D9-44C6-B37D-642EE07EA762-X023-S10-L091-B1-T1-PMRG,ATAC,human,read1,read2,75,paired
KIRP-5C0BAEF0-C8D9-44C6-B37D-642EE07EA762-X023-S10-L092-B1-T2-PMRG,ATAC,human,read1,read2,75,paired
KIRP-737F435D-531F-4B20-ABB1-91E3E2027D4D-X010-S06-L059-B1-T1-PMRG,ATAC,human,read1,read2,75,paired
KIRP-737F435D-531F-4B20-ABB1-91E3E2027D4D-X010-S06-L060-B1-T2-PMRG,ATAC,human,read1,read2,75,paired
KIRP-8AF1A570-9364-41E5-A8A3-E4DD24FAEEA6-X017-S02-L004-B1-T2-PMRG,ATAC,human,read1,read2,75,paired
KIRP-A1F39D17-79BC-485B-80ED-5EBB531CA57C-X006-S12-L055-B1-T2-PMRG,ATAC,human,read1,read2,75,paired
KIRP-E65C8B50-CC10-43D7-9739-6E8658F9D89B-X012-S01-L025-B1-T1-PMRG,ATAC,human,read1,read2,75,paired
LIHC-31861258-F778-40B3-A2A4-E4E8F00794B2-X037-S08-L063-B1-T1-PMRG,ATAC,human,read1,read2,75,paired
LIHC-31861258-F778-40B3-A2A4-E4E8F00794B2-X037-S08-L064-B1-T2-PMRG,ATAC,human,read1,read2,75,paired
LIHC-7BA22083-6B58-4B21-B764-6D1619419AAF-X025-S06-L037-B1-T1-PMRG,ATAC,human,read1,read2,75,paired
LIHC-9CFCE167-AE10-47E5-8E18-947E06323052-X026-S02-L053-B1-T1-PMRG,ATAC,human,read1,read2,75,paired
LIHC-9CFCE167-AE10-47E5-8E18-947E06323052-X026-S02-L054-B1-T2-PMRG,ATAC,human,read1,read2,75,paired
LIHC-A4C8EBCB-C1AD-43C3-96D3-17AC788E0C9E-X042-S04-L031-B1-T2-PMRG,ATAC,human,read1,read2,75,paired
LUAD-698EE8D8-3251-42DC-BB3B-FC3C046EC728-X002-S03-L006-B1-T2-PMRG,ATAC,human,read1,read2,75,paired
LUAD-79DEBC87-22F6-49D5-8EE7-C2A4B0559773-X003-S11-L039-B1-T1-PMRG,ATAC,human,read1,read2,75,paired
LUAD-8DD2E6E7-E560-47C9-8967-7F376B260524-X002-S02-L003-B1-T1-PMRG,ATAC,human,read1,read2,75,paired
LUSC-8C8D4BD8-7F67-421F-BAB4-21D157B4F4AA-X032-S08-L085-B1-T2-PMRG,ATAC,human,read1,read2,75,paired
LUSC-F57C391B-F43A-4E31-B666-4C2329037C06-X039-S11-L117-B1-T1-PMRG,ATAC,human,read1,read2,75,paired
MESO-E63A7EB2-8F27-499E-B9BF-92A8400388D6-X039-S01-L097-B1-T1-PMRG,ATAC,human,read1,read2,75,paired
MESO-F3321D8C-8D46-4877-A9A9-6B4DDA86E2A0-X040-S12-L142-B1-T1-PMRG,ATAC,human,read1,read2,75,paired
PCPG-7C5C19DE-54FA-4DE8-B87F-7694F5B50F41-X037-S03-L053-B1-T1-PMRG,ATAC,human,read1,read2,75,paired
PCPG-7C5C19DE-54FA-4DE8-B87F-7694F5B50F41-X037-S03-L054-B1-T2-PMRG,ATAC,human,read1,read2,75,paired
SKCM-F05B8E69-5AD9-4FCF-8980-1307F35BD173-X026-S09-L070-B1-T2-PMRG,ATAC,human,read1,read2,75,paired
STAD-C23BE39C-3C24-4DB8-B26D-CE6629CF02EC-X042-S05-L032-B1-T1-PMRG,ATAC,human,read1,read2,75,paired
STAD-D1C43A87-4C70-4AE9-9023-880A46E79F21-X037-S09-L065-B1-T1-PMRG,ATAC,human,read1,read2,75,paired
STAD-D8BEB0DD-C346-4C1D-8A5F-6E669453AE6D-X027-S09-L094-B1-T2-PMRG,ATAC,human,read1,read2,75,paired
TGCT-0A0512E8-AD96-4154-AAA2-3BDD67A279E9-X035-S11-L021-B1-T1-PMRG,ATAC,human,read1,read2,75,paired
THCA-073FEB53-ADC5-4B5B-8D4B-9D6692AE996F-X032-S11-L090-B1-T1-PMRG,ATAC,human,read1,read2,75,paired
THCA-3E77F455-8BCF-4C61-9B4D-E56EC829241A-X042-S08-L039-B1-T2-PMRG,ATAC,human,read1,read2,75,paired
THCA-F8168297-C181-408B-8F2F-1F7AB849F1C5-X025-S10-L046-B1-T2-PMRG,ATAC,human,read1,read2,75,paired
UCEC-6732BA4A-065A-4EF6-81E1-6DB5CAD70C97-X042-S09-L040-B1-T1-PMRG,ATAC,human,read1,read2,75,paired
ACCx-025FE5F8-885E-433D-9018-7AE322A92285-X034-S09-L133-B1-T1-PMRG,ATAC,human,read1,read2,75,paired
BRCA-294C77E4-79D8-4383-8780-324F3DBB1839-X016-S02-L049-B1-T1-PMRG,ATAC,human,read1,read2,75,paired
BRCA-A3A3CD8F-3497-4615-B288-14E6290DC441-X007-S02-L058-B1-T1-PMRG,ATAC,human,read1,read2,75,paired
COAD-64DC847B-9D5E-4484-B067-0B8B585B0DF8-X014-S07-L013-B1-T1-PMRG,ATAC,human,read1,read2,75,paired
COAD-E909BFFC-69FE-4F53-AB5E-5E99EEFDAE02-X012-S10-L043-B1-T1-PMRG,ATAC,human,read1,read2,75,paired
LUAD-18545E4A-6285-4DB7-A52C-9E12075D6B89-X033-S04-L101-B1-T2-PMRG,ATAC,human,read1,read2,75,paired
LUAD-79DEBC87-22F6-49D5-8EE7-C2A4B0559773-X003-S11-L040-B1-T2-PMRG,ATAC,human,read1,read2,75,paired
KIRC-5786B3A8-42EB-47D3-A498-7FB1B3396376-X003-S10-L038-B1-T2-PMRG,ATAC,human,read1,read2,75,paired
TGCT-1577A485-E047-42CF-8703-42A69E1AED1A-X038-S09-L090-B1-T2-PMRG,ATAC,human,read1,read2,75,paired
